<?xml version="1.0" encoding="utf-8" ?>
<Map>
  <Space Name="Default">
    <Item DCName="AM1" Region="West Europe"/>
    <Item DCName="AM2" Region="West Europe"/>
    <Item DCName="AM3" Region="West Europe"/>
    <Item DCName="AMS04" Region="West Europe"/>
    <Item DCName="AMS05" Region="West Europe"/>
    <Item DCName="AMS06" Region="West Europe"/>
    <Item DCName="AMS07" Region="West Europe"/>
    <Item DCName="AMS20" Region="West Europe"/>
    <Item DCName="BER30" Region="Germany North"/>
    <Item DCName="BJ1" Region="China North 10"/>
    <Item DCName="BL2" Region="East US"/>
    <Item DCName="BL20" Region="East US"/>
    <Item DCName="BL3" Region="East US"/>
    <Item DCName="BL4" Region="East US"/>
    <Item DCName="BL5" Region="East US"/>
    <Item DCName="BL6" Region="East US"/>
    <Item DCName="BL7" Region="East US"/>
    <Item DCName="BLU" Region="East US"/>
    <Item DCName="CBN04" Region="East US 2 EUAP"/>
    <Item DCName="CBN06" Region="East US 2 EUAP"/>
    <Item DCName="BN1" Region="East US 2"/>
    <Item DCName="BN1-FX" Region="USGov Virginia"/>
    <Item DCName="BN2" Region="East US 2"/>
    <Item DCName="BN3" Region="East US 2"/>
    <Item DCName="BN3-FXD" Region="USDoD East"/>
    <Item DCName="BN4" Region="East US 2"/>
    <Item DCName="BN6" Region="East US 2"/>
    <Item DCName="BN7" Region="East US 2"/>
    <Item DCName="BN8" Region="East US 2"/>
    <Item DCName="BOM01" Region="West India"/>
    <Item DCName="BOM30" Region="West India"/>
    <Item DCName="BY1" Region="West US"/>
    <Item DCName="BY2" Region="West US"/>
    <Item DCName="BY20" Region="West US"/>
    <Item DCName="BY21" Region="West US"/>
    <Item DCName="BY22" Region="West US"/>
    <Item DCName="BY24" Region="West US"/>
    <Item DCName="BY3" Region="West US"/>
    <Item DCName="BY4" Region="West US"/>
    <Item DCName="CH1" Region="North Central US"/>
    <Item DCName="CH2" Region="North Central US"/>
    <Item DCName="CH3" Region="North Central US"/>
    <Item DCName="CH4" Region="North Central US"/>
    <Item DCName="CHI20" Region="North Central US"/>
    <Item DCName="CHI21" Region="North Central US"/>
    <Item DCName="CO1" Region="West US 2"/>
    <Item DCName="CO2" Region="West US 2"/>
    <Item DCName="CO3" Region="West US 2"/>
    <Item DCName="CO4" Region="West US 2"/>
    <Item DCName="CO5" Region="West US 2"/>
    <Item DCName="CPQ01" Region="Brazil South"/>
    <Item DCName="CPQ02" Region="Brazil South"/>
    <Item DCName="CWL20" Region="UK West"/>
    <Item DCName="CYS01" Region="West Central US"/>
    <Item DCName="CYS01-FX" Region="USGov Wyoming"/>
    <Item DCName="CYS02" Region="West Central US"/>
    <Item DCName="CYS04" Region="West Central US"/>
    <Item DCName="DB2" Region="North Europe"/>
    <Item DCName="DB3" Region="North Europe"/>
    <Item DCName="DB4" Region="North Europe"/>
    <Item DCName="DB5" Region="North Europe"/>
    <Item DCName="DM1" Region="Central US"/>
    <Item DCName="DM2" Region="Central US"/>
    <Item DCName="DM2-FX" Region="USGov Iowa"/>
    <Item DCName="DM3" Region="Central US"/>
    <Item DCName="DM3-FXD" Region="USDoD Central"/>
    <Item DCName="DSM05" Region="Central US"/>
    <Item DCName="DSM06" Region="Central US"/>
    <Item DCName="DSM08" Region="Central US"/>
    <Item DCName="CDM03" Region="Central US EUAP"/>
    <Item DCName="CDM05" Region="Central US EUAP"/>
    <Item DCName="DUB06" Region="North Europe"/>
    <Item DCName="DUB07" Region="North Europe"/>
    <Item DCName="DUB08" Region="North Europe"/>
    <Item DCName="DUB11" Region="North Europe"/>
    <Item DCName="DUB20" Region="North Europe"/>
    <Item DCName="DUB24" Region="North Europe"/>
    <Item DCName="FOR01" Region="Brazil Northeast"/>
    <Item DCName="FRA20" Region="Germany Central"/>
    <Item DCName="GRU" Region="Brazil Southeast"/>
    <Item DCName="HEL01" Region="North Europe 2"/>
    <Item DCName="HK1" Region="East Asia"/>
    <Item DCName="HK2" Region="East Asia"/>
    <Item DCName="HK3" Region="East Asia"/>
    <Item DCName="HKG20" Region="East Asia"/>
    <Item DCName="HKG31" Region="East Asia"/>
    <Item DCName="KAW" Region="Japan East"/>
    <Item DCName="KUL01" Region="APAC Southeast 2"/>
    <Item DCName="LEJ20" Region="Germany NorthEast"/>
    <Item DCName="LON20" Region="UK South 2"/>
    <Item DCName="LON21" Region="UK South"/>
    <Item DCName="MAA01" Region="South India"/>
    <Item DCName="MAA02" Region="South India"/>
    <Item DCName="MAA30" Region="South India"/>
    <Item DCName="MEL01" Region="Australia Southeast"/>
    <Item DCName="MEL20" Region="Australia Southeast"/>
    <Item DCName="MME20" Region="UK North"/>
    <Item DCName="MRS20" Region="France South"/>
    <Item DCName="MWH01" Region="West US 2"/>
    <Item DCName="MWH02" Region="West US 2"/>
    <Item DCName="OSA01" Region="Japan West"/>
    <Item DCName="OSA02" Region="Japan West"/>
    <Item DCName="OSA03" Region="Japan West"/>
    <Item DCName="OSA20" Region="Japan West"/>
    <Item DCName="OSA30" Region="Japan West"/>
    <Item DCName="OSA31" Region="Japan West"/>
    <Item DCName="OSA32" Region="Japan West"/>
    <Item DCName="PAR20" Region="France Central"/>
    <Item DCName="PAR21" Region="France Central"/>
    <Item DCName="PAR22" Region="France Central"/>
    <Item DCName="PHX20-FX" Region="USGov Arizona"/>
    <Item DCName="PHX20-FXD" Region="USDoD Southwest"/>
    <Item DCName="PNQ01" Region="Central India"/>
    <Item DCName="PUS20" Region="Korea South"/>
    <Item DCName="RIO01" Region="Brazil Southeast"/>
    <Item DCName="SCL01" Region="Chile Central"/>
    <Item DCName="SEL20" Region="Korea Central"/>
    <Item DCName="SG1" Region="Southeast Asia"/>
    <Item DCName="SG2" Region="Southeast Asia"/>
    <Item DCName="SG3" Region="Southeast Asia"/>
    <Item DCName="SIN20" Region="Southeast Asia"/>
    <Item DCName="SN1" Region="South Central US"/>
    <Item DCName="SN2" Region="South Central US"/>
    <Item DCName="SN3" Region="South Central US"/>
    <Item DCName="SN4" Region="South Central US"/>
    <Item DCName="SN5" Region="South Central US"/>
    <Item DCName="SN5-FX" Region="USGov Texas"/>
    <Item DCName="SN5-FXD" Region="USDoD South Central"/>
    <Item DCName="SN6" Region="South Central US"/>
    <Item DCName="SYD" Region="Australia East"/>
    <Item DCName="SYD03" Region="Australia East"/>
    <Item DCName="SYD21" Region="Australia East"/>
    <Item DCName="SYD22" Region="Australia East"/>
    <Item DCName="SYD23" Region="Australia East"/>
    <Item DCName="TYO01" Region="Japan East"/>
    <Item DCName="TYO20" Region="Japan East"/>
    <Item DCName="TYO21" Region="Japan East"/>
    <Item DCName="TYO22" Region="Japan East"/>
    <Item DCName="TYO31" Region="Japan East"/>
    <Item DCName="VIE" Region="East Europe"/>
    <Item DCName="VIE01" Region="East Europe"/>
    <Item DCName="YQB20" Region="Canada East"/>
    <Item DCName="YTO01" Region="Canada Central"/>
    <Item DCName="YTO20" Region="Canada Central"/>
    <Item DCName="B43" Region="West US 2"/>
    <Item DCName="SAT" Region="West US 2"/>
    <Item DCName="B18" Region="West US 2"/>
    <Item DCName="RR1" Region="Redmond Ridge Lab"/>
    <Item DCName="BZ6" Region="East US 2"/>
    <Item DCName="DZ5" Region="Central US"/>
    <Item DCName="CBN07" Region="East US 2 EUAP"/>
    <Item DCName="CBZ06" Region="East US 2 EUAP"/>
    <Item DCName="DUB21" Region="North Europe"/>
    <Item DCName="BZ7" Region="East US 2"/>
    <Item DCName="CBZ07" Region="East US 2 EUAP"/>
    <Item DCName="DBB" Region="North Europe"/>
    <Item DCName="MWZ02" Region="West US 2"/>
    <Item DCName="DZ6" Region="Central US"/>
    <Item DCName="YTO21" Region="Canada Central"/>
    <Item DCName="JNB20" Region="South Africa North"/>
    <Item DCName="JNB21" Region="South Africa North"/>
    <Item DCName="JNB22" Region="South Africa North"/>
    <Item DCName="CPT20" Region="South Africa West"/>
    <Item DCName="CBR21" Region="Australia Central 2"/>
    <Item DCName="CBR20" Region="Australia Central"/>
    <Item DCName="PAR30" Region="France Central"/>
    <Item DCName="AMZ06" Region="West Europe"/>
    <Item DCName="DXB20" Region="UAE North"/>
    <Item DCName="CBY07" Region="East US 2 EUAP"/>
    <Item DCName="MNZ20" Region="East US"/>
    <Item DCName="MEL21" Region="Australia Southeast"/>
    <Item DCName="AUH20" Region="UAE Central"/>
    <Item DCName="CPQ20" Region="Brazil South"/>
    <Item DCName="SYD25" Region="Australia East"/>
    <Item DCName="OSA21" Region="Japan West"/>
    <Item DCName="CYS03" Region="West Central US"/>
    <Item DCName="STG03" Region="South Central US STG"/>
    <Item DCName="STG02" Region="East US STG"/>
    <Item DCName="STG01" Region="East US STG"/>
    <Item DCName="PHD21" Region="USDoD Southwest"/>
    <Item DCName="CYG01" Region="USGov Wyoming"/>
    <Item DCName="CYD01" Region="USDoD West Central"/>
    <Item DCName="CDM06" Region="Central US EUAP"/>
    <Item DCName="CYS05" Region="West Central US"/>
    <Item DCName="SEL21" Region="Korea Central"/>
    <Item DCName="LON22" Region="UK South"/>
    <Item DCName="LON23" Region="UK South"/>
    <Item DCName="LON24" Region="UK South"/>
    <Item DCName="DUB09" Region="North Europe"/>
    <Item DCName="AMZ07" Region="West Europe"/>
    <Item DCName="AMS21" Region="West Europe"/>
    <Item DCName="BY5" Region="West US"/>
    <Item DCName="MEL23" Region="Australia Southeast"/>
    <Item DCName="SN2-FX" Region="USGov Texas"/>
    <Item DCName="OSA22" Region="Japan West"/>
    <Item DCName="SAT09" Region="South Central US"/>
    <Item DCName="ZRH20" Region="Switzerland North"/>
    <Item DCName="DM4" Region="USDoD Central"/>
    <Item DCName="HKG21" Region="East Asia"/>
    <Item DCName="BER20" Region="Germany North"/>
    <Item DCName="GVA20" Region="Switzerland West"/>
    <Item DCName="PUS04" Region="Korea South"/>
    <Item DCName="YTO22" Region="Canada Central"/>
    <Item DCName="MWH03" Region="West US 2"/>
    <Item DCName="PHX21" Region="USGov Arizona"/>
    <Item DCName="STG30" Region="East US STG"/>
    <Item DCName="OSL20" Region="Norway East"/>
    <Item DCName="SVG20" Region="Norway West"/>
    <Item DCName="FRA21" Region="Germany West Central"/>
    <Item DCName="FRA22" Region="Germany West Central"/>
    <Item DCName="FRA23" Region="Germany West Central"/>
    <Item DCName="DSZ08" Region="Central US"/>
    <Item DCName="RIO20" Region="Brazil Southeast"/>
    <Item DCName="RIO30" Region="Brazil Southeast"/>
    <Item DCName="AMS22" Region="West Europe"/>
    <Item DCName="AMS08" Region="West Europe"/>
    <Item DCName="AMS09" Region="West Europe"/>
    <Item DCName="DSM07" Region="Central US"/>
    <Item DCName="MWH04" Region="West US 2"/>
    <Item DCName="MWH05" Region="West US 2"/>
    <Item DCName="CHI22" Region="North Central US"/>
    <Item DCName="CBR22" Region="Australia Central"/>
    <Item DCName="CBR23" Region="Australia Central 2"/>
    <Item DCName="CYS06" Region="West Central US"/>
    <Item DCName="DUB10" Region="North Europe"/>
    <Item DCName="CPQ21" Region="Brazil South"/>
    <Item DCName="CPQ22" Region="Brazil South"/>
    <Item DCName="CPQ23" Region="Brazil South"/>
    <Item DCName="CPQ24" Region="Brazil South"/>
    <Item DCName="SYD26" Region="Australia East"/>
    <Item DCName="SYD24" Region="Australia East"/>
    <Item DCName="SYD27" Region="Australia East"/>
    <Item DCName="SAT10" Region="South Central US"/>
    <Item DCName="SAT11" Region="South Central US"/>
    <Item DCName="SAT12" Region="South Central US"/>
    <Item DCName="SAT13" Region="South Central US"/>
    <Item DCName="MZZ20" Region="South India"/>
    <Item DCName="PNQ21" Region="Central India"/>
    <Item DCName="PNQ22" Region="Central India"/>
    <Item DCName="KW1" Region="Japan East"/>
    <Item DCName="TYO23" Region="Japan East"/>
    <Item DCName="SJC20" Region="West US"/>
    <Item DCName="SIN21" Region="Southeast Asia"/>
    <Item DCName="SIN06" Region="Southeast Asia"/>
    <Item DCName="SIN22" Region="Southeast Asia"/>
    <Item DCName="BNZ13" Region="East US 2"/>
    <Item DCName="BNZ10" Region="East US 2"/>
    <Item DCName="BLZ21" Region="East US"/>
    <Item DCName="BLZ23" Region="East US"/>
    <Item DCName="BLZ24" Region="East US"/>
    <Item DCName="BLZ22" Region="East US"/>
    <Item DCName="BD8" Region="USDoD East"/>
    <Item DCName="BG8" Region="USGov Virginia"/>
    <Item DCName="DG4" Region="USGov Iowa"/>
    <Item DCName="BG4" Region="USGov Virginia"/>
    <Item DCName="DSM09" Region="Central US"/>
    <Item DCName="BNZ14" Region="East US 2"/>
    <Item DCName="BN9" Region="East US 2"/>
    <Item DCName="YTO23" Region="Canada Central"/>
    <Item DCName="BD4" Region="USDoD East"/>
    <Item DCName="SJC22" Region="West US"/>
    <Item DCName="SJC21" Region="West US"/>
    <Item DCName="PHX10" Region="West US 3"/>
    <Item DCName="PHX70" Region="West US 3"/>
    <Item DCName="PHX80" Region="West US 3"/>
    <Item DCName="DUB12" Region="North Europe"/>
    <Item DCName="CBN13" Region="East US 2 EUAP"/>
    <Item DCName="CBN14" Region="East US 2 EUAP"/>
    <Item DCName="CBN09" Region="East US 2 EUAP"/>
    <Item DCName="CBN10" Region="East US 2 EUAP"/>
    <Item DCName="CDM09" Region="Central US EUAP"/>
    <Item DCName="CDZ08" Region="Central US EUAP"/>
    <Item DCName="CDM08" Region="Central US EUAP"/>
    <Item DCName="BN14" Region="East US 2"/>
    <Item DCName="BN10" Region="East US 2"/>
    <Item DCName="BN11" Region="USGov Virginia"/>
    <Item DCName="BN13" Region="East US 2"/>
    <Item DCName="BN12" Region="USGov Virginia"/>
    <Item DCName="SIN30" Region="Southeast Asia"/>
    <Item DCName="SIN31" Region="Southeast Asia"/>
    <Item DCName="AMS23" Region="West Europe"/>
    <Item DCName="AMS24" Region="West Europe"/>
    <Item DCName="SN7" Region="South Central US"/>
    <Item DCName="AMS11" Region="West Europe"/>
    <Item DCName="AMS12" Region="West Europe"/>
    <Item DCName="PHX11" Region="West US 3"/>
    <Item DCName="DSM10" Region="Central US"/>
    <Item DCName="MMA01" Region="Sweden South"/>
    <Item DCName="OSL21" Region="Norway East"/>
    <Item DCName="OSL22" Region="Norway East"/>
    <Item DCName="MRS21" Region="France South"/>
    <Item DCName="SAT20" Region="South Central US"/>
    <Item DCName="LON25" Region="UK South"/>
    <Item DCName="ZRH22" Region="Switzerland North"/>
    <Item DCName="ZRH21" Region="Switzerland North"/>
    <Item DCName="GVX01" Region="Sweden Central"/>
    <Item DCName="GVX11" Region="Sweden Central"/>
    <Item DCName="GVX21" Region="Sweden Central"/>
    <Item DCName="SIN23" Region="Southeast Asia"/>
    <Item DCName="BNZ11" Region="USGov Virginia"/>
    <Item DCName="BNZ12" Region="USGov Virginia"/>
    <Item DCName="PAR23" Region="France Central"/>
    <Item DCName="PAR24" Region="France Central"/>
    <Item DCName="PNQ20" Region="Central India"/>
    <Item DCName="NAG20" Region="Jio India Central"/>
    <Item DCName="DD2" Region="USDoD Central"/>
  </Space>
  <Space Name="GalaCake">
    <Item DCName="BJB" Region="China North"/>
    <Item DCName="SHA" Region="China East"/>
    <Item DCName="SHA02" Region="China East"/>
    <Item DCName="SHA03" Region="China East"/>
    <Item DCName="BJS20" Region="China North 2"/>
    <Item DCName="SHA20" Region="China East 2"/>
  </Space>
  <Space Name="EX">
    <Item DCName="RED01" Region="USNat East"/>
    <Item DCName="GRN01" Region="USNat West"/>
  </Space>
  <Space Name="RX">
    <Item DCName="MNZ21" Region="USSec East"/>
    <Item DCName="SN8" Region="USSec West"/>
  </Space>
</Map>