<?xml version="1.0" encoding="utf-8" ?>
<!--
All forest/datacener/Azure names must be in uppercase!
-->
<Map>
  <DCNames>
    <DCName EOPName="AM1" AzureName="AM1" />
    <DCName EOPName="AMS" AzureName="AM1" />
    <DCName EOPName="AMX" AzureName="AM1" />
    <DCName EOPName="AM2" AzureName="AM2" />
    <DCName EOPName="AM3" AzureName="AM3" />
    <DCName EOPName="AM4" AzureName="AMS04" />
    <DCName EOPName="AM5" AzureName="AMS05" />
    <DCName EOPName="AM6" AzureName="AMS06" />
    <DCName EOPName="AM7" AzureName="AMS07" />
    <DCName EOPName="AM0" AzureName="AMS20" />
    <DCName EOPName="AMA" AzureName="AMS21" />
    <DCName EOPName="AT5" AzureName="ATL05" />
    <DCName EOPName="AU2" AzureName="AUH20" />
    <DCName EOPName="AUX" AzureName="AUH20" />
    <DCName EOPName="BE0" AzureName="BER20" />
    <DCName EOPName="BEX" AzureName="BER20" />
    <DCName EOPName="BJS" AzureName="BJS20" />
    <DCName EOPName="BL2" AzureName="BL2" />
    <DCName EOPName="BL0" AzureName="BL20" />
    <DCName EOPName="BL5" AzureName="BL5" />
    <DCName EOPName="BL6" AzureName="BL6" />
    <DCName EOPName="BLU" AzureName="BLU" />
    <DCName EOPName="BN1" AzureName="BN1" />
    <DCName EOPName="BN1A" AzureName="BN1" />
    <DCName EOPName="BN1B" AzureName="BN1" />
    <DCName EOPName="BN3" AzureName="BN3" />
    <DCName EOPName="BN4" AzureName="BN4" />
    <DCName EOPName="BN6" AzureName="BN6" />
    <DCName EOPName="BN7" AzureName="BN7" />
    <DCName EOPName="BN8" AzureName="BN8" />
    <DCName EOPName="BM1" AzureName="BOM01" />
    <DCName EOPName="BMX" AzureName="BOM01" />
    <DCName EOPName="BO1" AzureName="BOM01" />
    <DCName EOPName="BY1" AzureName="BY1" />
    <DCName EOPName="BY2" AzureName="BY2" />
    <DCName EOPName="BYA" AzureName="BY21" />
    <DCName EOPName="BY3" AzureName="BY3" />
    <DCName EOPName="BY5" AzureName="BY5" />
    <DCName EOPName="CH1" AzureName="CH1" />
    <DCName EOPName="CH2" AzureName="CHI21" />
    <DCName EOPName="CO1" AzureName="CO1" />
    <DCName EOPName="CO2" AzureName="CO2" />
    <DCName EOPName="CS1" AzureName="COS01" />
    <DCName EOPName="CP1" AzureName="CPQ01" />
    <DCName EOPName="CP2" AzureName="CPQ02" />
    <DCName EOPName="CP0" AzureName="CPQ20" />
    <DCName EOPName="CT2" AzureName="CPT20" />
    <DCName EOPName="CTX" AzureName="CPT20" />
    <DCName EOPName="CWL" AzureName="CWL20" />
    <DCName EOPName="CWX" AzureName="CWL20" />
    <DCName EOPName="CY1" AzureName="CYS01" />
    <DCName EOPName="CYB" AzureName="CYS01" />
    <DCName EOPName="CY4" AzureName="CYS04" />
    <DCName EOPName="DB3" AzureName="DB3" />
    <DCName EOPName="DBX" AzureName="DB3" />
    <DCName EOPName="DB4" AzureName="DB4" />
    <DCName EOPName="DB5" AzureName="DB5" />
    <DCName EOPName="DF4" AzureName="DFW04" />
    <DCName EOPName="DM1" AzureName="DM1" />
    <DCName EOPName="DM2" AzureName="DM2" />
    <DCName EOPName="DM3" AzureName="DM3" />
    <DCName EOPName="DM4" AzureName="DM4" />
    <DCName EOPName="DM5" AzureName="DSM05" />
    <DCName EOPName="DM6" AzureName="DSM06" />
    <DCName EOPName="DB6" AzureName="DUB06" />
    <DCName EOPName="DB7" AzureName="DUB07" />
    <DCName EOPName="DB8" AzureName="DUB08" />
    <DCName EOPName="DBA" AzureName="DUB21" />
    <DCName EOPName="DBB" AzureName="DUB24" />
    <DCName EOPName="DX2" AzureName="DXB20" />
    <DCName EOPName="DXX" AzureName="DXB20" />
    <DCName EOPName="FR1" AzureName="FOR01" />
    <DCName EOPName="FRA" AzureName="FRA20" />
    <DCName EOPName="FRX" AzureName="FRA20" />
    <DCName EOPName="FR2" AzureName="FRA21" />
    <DCName EOPName="FRY" AzureName="FRA21" />
    <DCName EOPName="GRU" AzureName="GRU" />
    <DCName EOPName="GRX" AzureName="GRU" />
    <DCName EOPName="GV0" AzureName="GVA20" />
    <DCName EOPName="GVA" AzureName="GVA20" />
    <DCName EOPName="GZ0" AzureName="GRN01" />
    <DCName EOPName="HE1" AzureName="HEL01" />
    <DCName EOPName="HK1" AzureName="HK1" />
    <DCName EOPName="HKN" AzureName="HK1" />
    <DCName EOPName="HKX" AzureName="HK1" />
    <DCName EOPName="HK2" AzureName="HK2" />
    <DCName EOPName="HK0" AzureName="HKG20" />
    <DCName EOPName="HKA" AzureName="HKG21" />
    <DCName EOPName="JN2" AzureName="JNB20" />
    <DCName EOPName="JNX" AzureName="JNB20" />
    <DCName EOPName="JNA" AzureName="JNB22" />
    <DCName EOPName="KAW" AzureName="KAW" />
    <DCName EOPName="KAX" AzureName="KAW" />
    <DCName EOPName="KL1" AzureName="KUL01" />
    <DCName EOPName="KU1" AzureName="KUL01" />
    <DCName EOPName="LEJ" AzureName="LEJ20" />
    <DCName EOPName="LEX" AzureName="LEJ20" />
    <DCName EOPName="LO1" AzureName="LON20" />
    <DCName EOPName="LOX" AzureName="LON20" />
    <DCName EOPName="LNX" AzureName="LON21" />
    <DCName EOPName="LO2" AzureName="LON21" />
    <DCName EOPName="LO3" AzureName="LON22" />
    <DCName EOPName="LOY" AzureName="LON22" />
    <DCName EOPName="MA1" AzureName="MAA01" />
    <DCName EOPName="MAX" AzureName="MAA01" />
    <DCName EOPName="ME1" AzureName="MEL01" />
    <DCName EOPName="MEX" AzureName="MEL01" />
    <DCName EOPName="ME2" AzureName="MEL20" />
    <DCName EOPName="MEA" AzureName="MEL20" />
    <DCName EOPName="ME4" AzureName="MEL21" />
    <DCName EOPName="MEZ" AzureName="MEL21" />
    <DCName EOPName="ME3" AzureName="MEL23" />
    <DCName EOPName="MEY" AzureName="MEL23" />
    <DCName EOPName="MM1" AzureName="MME20" />
    <DCName EOPName="MMX" AzureName="MME20" />
    <DCName EOPName="MN2" AzureName="MNZ20" />
    <DCName EOPName="MNA" AzureName="MNZ21" />
    <DCName EOPName="MR2" AzureName="MRS20" />
    <DCName EOPName="MRX" AzureName="MRS20" />
    <DCName EOPName="MWH" AzureName="MWH01" />
    <DCName EOPName="MW2" AzureName="MWH02" />
    <DCName EOPName="OS1" AzureName="OSA01" />
    <DCName EOPName="OS2" AzureName="OSA02" />
    <DCName EOPName="OSX" AzureName="OSA02" />
    <DCName EOPName="OSA" AzureName="OSA20" />
    <DCName EOPName="OSB" AzureName="OSA20" />
    <DCName EOPName="OL1" AzureName="OSL20" />
    <DCName EOPName="OLA" AzureName="OSL20" />
    <DCName EOPName="PR0" AzureName="PAR20" />
    <DCName EOPName="PR1" AzureName="PAR21" />
    <DCName EOPName="PR3" AzureName="PAR21" />
    <DCName EOPName="PR2" AzureName="PAR22" />
    <DCName EOPName="PH2" AzureName="PHX20" />
    <DCName EOPName="PH1" AzureName="PHX21" />
    <DCName EOPName="PN1" AzureName="PNQ01" />
    <DCName EOPName="PS1" AzureName="PUS01" />
    <DCName EOPName="PU1" AzureName="PUS01" />
    <DCName EOPName="PS2" AzureName="PUS20" />
    <DCName EOPName="PSA" AzureName="PUS20" />
    <DCName EOPName="PSB" AzureName="PUS20" />
    <DCName EOPName="PSX" AzureName="PUS20" />
    <DCName EOPName="RO1" AzureName="RIO01" />
    <DCName EOPName="ROX" AzureName="RIO01" />
    <DCName EOPName="RZ0" AzureName="RED01" />
    <DCName EOPName="SA9" AzureName="SAT09" />
    <DCName EOPName="SC1" AzureName="SCL01" />
    <DCName EOPName="SL2" AzureName="SEL20" />
    <DCName EOPName="SLX" AzureName="SEL20" />
    <DCName EOPName="SHA" AzureName="SHA20" />
    <DCName EOPName="SH0" AzureName="SHA20" />
    <DCName EOPName="SIN" AzureName="SG1" />
    <DCName EOPName="SIX" AzureName="SG1" />
    <DCName EOPName="SG2" AzureName="SG2" />
    <DCName EOPName="SGA" AzureName="SG2" />
    <DCName EOPName="SGB" AzureName="SG2" />
    <DCName EOPName="SG3" AzureName="SG3" />
    <DCName EOPName="SGX" AzureName="SG3" />
    <DCName EOPName="SN1" AzureName="SN1" />
    <DCName EOPName="SN2" AzureName="SN2" />
    <DCName EOPName="SN4" AzureName="SN4" />
    <DCName EOPName="SN5" AzureName="SN5" />
    <DCName EOPName="SN6" AzureName="SN6" />
    <DCName EOPName="SN8" AzureName="SN8" />
    <DCName EOPName="SV0" AzureName="SVG20" />
    <DCName EOPName="SVA" AzureName="SVG20" />
    <DCName EOPName="SY3" AzureName="SYD03" />
    <DCName EOPName="SYX" AzureName="SYD03" />
    <DCName EOPName="SYB" AzureName="SYD21" />
    <DCName EOPName="SYC" AzureName="SYD21" />
    <DCName EOPName="SY4" AzureName="SYD22" />
    <DCName EOPName="SYY" AzureName="SYD22" />
    <DCName EOPName="SY2" AzureName="SYD23" />
    <DCName EOPName="SYA" AzureName="SYD23" />
    <DCName EOPName="TU4" AzureName="TUL04" />
    <DCName EOPName="TY1" AzureName="TYO01" />
    <DCName EOPName="TYX" AzureName="TYO01" />
    <DCName EOPName="TYC" AzureName="TYO20" />
    <DCName EOPName="TY2" AzureName="TYO21" />
    <DCName EOPName="TYA" AzureName="TYO21" />
    <DCName EOPName="TYB" AzureName="TYO21" />
    <DCName EOPName="VE1" AzureName="VIE" />
    <DCName EOPName="VI1" AzureName="VIE" />
    <DCName EOPName="QB1" AzureName="YQB20" />
    <DCName EOPName="YQB" AzureName="YQB20" />
    <DCName EOPName="YQX" AzureName="YQB20" />
    <DCName EOPName="TO1" AzureName="YTO20" />
    <DCName EOPName="YTO" AzureName="YTO20" />
    <DCName EOPName="YTX" AzureName="YTO20" />
    <DCName EOPName="YT1" AzureName="YTO21" />
    <DCName EOPName="YTB" AzureName="YTO21" />
    <DCName EOPName="ZR0" AzureName="ZRH20" />
    <DCName EOPName="ZRA" AzureName="ZRH20" />
    <!-- Tentative mappings -->
    <DCName EOPName="MNZ" AzureName="MNZ21" />
  </DCNames>
  <ForestAliases>
    <ForestAlias ForestName="APC01" Aliases="APC,APAC" />
    <ForestAlias ForestName="APC02" Aliases="APC,APAC" />
    <ForestAlias ForestName="APAC" Aliases="APC" />
  </ForestAliases>
  <DCSuffixes>
    <DCSuffix Text="-FX" ForestNames="GLS07,SIT01,SIT02,USG01,USG02" />
  </DCSuffixes>
  <EnvironmentSpaces>
    <EnvironmentSpace SpaceName="GalaCake"
                      EnvironmentNames="GALLATIN-BJB,GALLATIN-W15-BJB,GALLATIN-SHA,GALLATIN-W15-SHA,SCN01-BJS,SCN01-SH0,CHN02-BJS,CHN02-SH0" />
    <EnvironmentSpace SpaceName="RX"
                      EnvironmentNames="GLS09-MNZ,GLS09-SN8,SEC01-MNZ,SEC01-SN8" />
    <EnvironmentSpace SpaceName="EX"
                      EnvironmentNames="GLS10-GZ0,GLS10-RZ0,NAT01-GZ0,NAT01-RZ0" />
  </EnvironmentSpaces>
  <ExclusionList>
    <IPString StartsWith="10.250.,10.192.,10.193.,10.194.,10.195.,10.196.,10.197.,10.198.,10.199." />
  </ExclusionList>
  <!-- Exception Rules (they do not follow normal logics) -->
  <DCNameExceptions>
    <Exception Environment="APC01-HKA" AzureDCName="HK2" />
    <Exception Environment="JPN01-OS2" AzureDCName="OSA20" />
    <Exception Environment="NOR01-OSA" AzureDCName="OSL20" />
    <Exception Environment="GALLATIN-SHA" AzureDCName="SHA02" />
  </DCNameExceptions>
  <TitleWordingIssues>
    <Contains Text="unknown" />
    <Contains Text="??" />
    <Pattern Text="\b(temp|test)\b" />
  </TitleWordingIssues>
</Map>
