<?xml version="1.0" encoding="utf-8" ?>
<Map>
	<Space Name="Default">
		<Tag Name="Datacenter">
			<KnownValues>
				<Value>AKL01</Value>
				<Value>AM1</Value>
				<Value>AM2</Value>
				<Value>AM3</Value>
				<Value>AMB</Value>
				<Value>AMS04</Value>
				<Value>AMS05</Value>
				<Value>AMS06</Value>
				<Value>AMS07</Value>
				<Value>AMS20</Value>
				<Value>ASH</Value>
				<Value>ATA</Value>
				<Value>ATB</Value>
				<Value>ATH01</Value>
				<Value>ATL05</Value>
				<Value>BCN30</Value>
				<Value>BER30</Value>
				<Value>BER31</Value>
				<Value>BJ1</Value>
				<Value>BKK50</Value>
				<Value>BL2</Value>
				<Value>BL20</Value>
				<Value>BL3</Value>
				<Value>BL4</Value>
				<Value>BL5</Value>
				<Value>BL6</Value>
				<Value>BL7</Value>
				<Value>BLU</Value>
				<Value>CBN04</Value>
				<Value>CBN06</Value>
				<Value>BN1</Value>
				<Value>BN1-FX</Value>
				<Value>BN2</Value>
				<Value>BN3</Value>
				<Value>BN3-FXD</Value>
				<Value>BN4</Value>
				<Value>BN6</Value>
				<Value>BN7</Value>
				<Value>BN8</Value>
				<Value>BNE01</Value>
				<Value>BOM01</Value>
				<Value>BOM02</Value>
				<Value>BOM30</Value>
				<Value>BOS01</Value>
				<Value>BRU30</Value>
				<Value>BUD01</Value>
				<Value>BUH01</Value>
				<Value>BY1</Value>
				<Value>BY2</Value>
				<Value>BY20</Value>
				<Value>BY21</Value>
				<Value>BY22</Value>
				<Value>BY24</Value>
				<Value>BY3</Value>
				<Value>BY4</Value>
				<Value>CA1</Value>
				<Value>CH1</Value>
				<Value>CH2</Value>
				<Value>CH3</Value>
				<Value>CH4</Value>
				<Value>CHG</Value>
				<Value>CHI20</Value>
				<Value>CHI21</Value>
				<Value>CO1</Value>
				<Value>CO2</Value>
				<Value>CO3</Value>
				<Value>CO4</Value>
				<Value>CO5</Value>
				<Value>COS01</Value>
				<Value>CPH30</Value>
				<Value>CPQ01</Value>
				<Value>CPQ02</Value>
				<Value>CPT02</Value>
				<Value>CWL20</Value>
				<Value>CYS01</Value>
				<Value>CYS01-FX</Value>
				<Value>CYS02</Value>
				<Value>CYS04</Value>
				<Value>DAL</Value>
				<Value>DB2</Value>
				<Value>DB3</Value>
				<Value>DB4</Value>
				<Value>DB5</Value>
				<Value>DBA</Value>
				<Value>DBC</Value>
				<Value>DEL01</Value>
				<Value>DEN01</Value>
				<Value>DEN02</Value>
				<Value>DFW04</Value>
				<Value>DM1</Value>
				<Value>DM2</Value>
				<Value>DM2-FX</Value>
				<Value>DM3</Value>
				<Value>DM3-FXD</Value>
				<Value>DNA</Value>
				<Value>DSM05</Value>
				<Value>DSM06</Value>
				<Value>DSM08</Value>
				<Value>CDM03</Value>
				<Value>CDM05</Value>
				<Value>DUB06</Value>
				<Value>DUB07</Value>
				<Value>DUB08</Value>
				<Value>DUB11</Value>
				<Value>DUB20</Value>
				<Value>DUB24</Value>
				<Value>DUB30</Value>
				<Value>EWR</Value>
				<Value>FOR01</Value>
				<Value>FOR70</Value>
				<Value>FOR71</Value>
				<Value>FRA</Value>
				<Value>FRA20</Value>
				<Value>FTW01</Value>
				<Value>GLOBAL</Value>
				<Value>GRU</Value>
				<Value>GRU30</Value>
				<Value>GUM01</Value>
				<Value>HEL01</Value>
				<Value>HEL02</Value>
				<Value>HEL03</Value>
				<Value>HK1</Value>
				<Value>HK2</Value>
				<Value>HK3</Value>
				<Value>HKB</Value>
				<Value>HKG</Value>
				<Value>HKG20</Value>
				<Value>HKG30</Value>
				<Value>HKG31</Value>
				<Value>HNL01</Value>
				<Value>HOU01</Value>
				<Value>JNB01</Value>
				<Value>JNB02</Value>
				<Value>KAW</Value>
				<Value>KUL01</Value>
				<Value>KUL02</Value>
				<Value>KUL30</Value>
				<Value>LAB</Value>
				<Value>LAS01</Value>
				<Value>LAX</Value>
				<Value>LEJ20</Value>
				<Value>LIS01</Value>
				<Value>LON04</Value>
				<Value>LON20</Value>
				<Value>LON21</Value>
				<Value>LON30</Value>
				<Value>LTE</Value>
				<Value>LTH</Value>
				<Value>LTS</Value>
				<Value>LUA</Value>
				<Value>MAA01</Value>
				<Value>MAA02</Value>
				<Value>MAA30</Value>
				<Value>MAD30</Value>
				<Value>MAN30</Value>
				<Value>MEL01</Value>
				<Value>MEL20</Value>
				<Value>MEX30</Value>
				<Value>MIA</Value>
				<Value>MIL30</Value>
				<Value>MME20</Value>
				<Value>MRS01</Value>
				<Value>MRS20</Value>
				<Value>MSA</Value>
				<Value>MWH01</Value>
				<Value>MWH02</Value>
				<Value>MXA</Value>
				<Value>NDA</Value>
				<Value>NYC</Value>
				<Value>OSA01</Value>
				<Value>OSA02</Value>
				<Value>OSA03</Value>
				<Value>OSA20</Value>
				<Value>OSA30</Value>
				<Value>OSA31</Value>
				<Value>OSA32</Value>
				<Value>PAO</Value>
				<Value>PAR02</Value>
				<Value>PAR20</Value>
				<Value>PAR21</Value>
				<Value>PAR22</Value>
				<Value>PER01</Value>
				<Value>PHX01</Value>
				<Value>PHX02</Value>
				<Value>PHX20-FX</Value>
				<Value>PHX20-FXD</Value>
				<Value>PNQ01</Value>
				<Value>PR1</Value>
				<Value>PRA</Value>
				<Value>PRG01</Value>
				<Value>PUS01</Value>
				<Value>PUS03</Value>
				<Value>PUS20</Value>
				<Value>RIO01</Value>
				<Value>RIO02</Value>
				<Value>RIO03</Value>
				<Value>SAO01</Value>
				<Value>SAO02</Value>
				<Value>SAO03</Value>
				<Value>SAO30</Value>
				<Value>SAT01</Value>
				<Value>SCL01</Value>
				<Value>SCL30</Value>
				<Value>SEA</Value>
				<Value>SEL20</Value>
				<Value>SG1</Value>
				<Value>SG2</Value>
				<Value>SG3</Value>
				<Value>SGE</Value>
				<Value>SIN05</Value>
				<Value>SIN20</Value>
				<Value>SJC</Value>
				<Value>SJC30</Value>
				<Value>SJC31</Value>
				<Value>SLA</Value>
				<Value>SLC01</Value>
				<Value>SN1</Value>
				<Value>SN2</Value>
				<Value>SN3</Value>
				<Value>SN4</Value>
				<Value>SN5</Value>
				<Value>SN5-FX</Value>
				<Value>SN5-FXD</Value>
				<Value>SN6</Value>
				<Value>SOF01</Value>
				<Value>STB</Value>
				<Value>STO</Value>
				<Value>SYD</Value>
				<Value>SYD03</Value>
				<Value>SYD21</Value>
				<Value>SYD22</Value>
				<Value>SYD23</Value>
				<Value>TK5</Value>
				<Value>TPA</Value>
				<Value>TPE30</Value>
				<Value>TPE31</Value>
				<Value>TUL04</Value>
				<Value>TYA</Value>
				<Value>TYB</Value>
				<Value>TYO01</Value>
				<Value>TYO02</Value>
				<Value>TYO20</Value>
				<Value>TYO21</Value>
				<Value>TYO22</Value>
				<Value>TYO30</Value>
				<Value>TYO31</Value>
				<Value>VA1</Value>
				<Value>VIE</Value>
				<Value>VIE01</Value>
				<Value>WAS01</Value>
				<Value>WAS02</Value>
				<Value>WAW01</Value>
				<Value>WWT</Value>
				<Value>WWTSG</Value>
				<Value>YMQ01</Value>
				<Value>YQB20</Value>
				<Value>YQM01</Value>
				<Value>YTO01</Value>
				<Value>YTO20</Value>
				<Value>YVR01</Value>
				<Value>YVR30</Value>
				<Value>ZAG30</Value>
				<Value>ZRH</Value>
				<Value>AAR30</Value>
				<Value>B43</Value>
				<Value>SAT</Value>
				<Value>B18</Value>
				<Value>RR1</Value>
				<Value>BZ6</Value>
				<Value>DZ5</Value>
				<Value>CP1</Value>
				<Value>CBN07</Value>
				<Value>CBZ06</Value>
				<Value>DUB21</Value>
				<Value>BZ7</Value>
				<Value>CBZ07</Value>
				<Value>DBB</Value>
				<Value>MWZ02</Value>
				<Value>DZ6</Value>
				<Value>YTO21</Value>
				<Value>JNB20</Value>
				<Value>JNB21</Value>
				<Value>JNB22</Value>
				<Value>CPT20</Value>
				<Value>CBR21</Value>
				<Value>CBR20</Value>
				<Value>PAR30</Value>
				<Value>AMZ06</Value>
				<Value>DXB20</Value>
				<Value>CBY07</Value>
				<Value>NYC30</Value>
				<Value>EWR30</Value>
				<Value>ATL30</Value>
				<Value>ATL31</Value>
				<Value>CLE30</Value>
				<Value>YTO30</Value>
				<Value>MNZ20</Value>
				<Value>FRA30</Value>
				<Value>FRA31</Value>
				<Value>HAM30</Value>
				<Value>HAM31</Value>
				<Value>DXB30</Value>
				<Value>MEL21</Value>
				<Value>AUH20</Value>
				<Value>IST30</Value>
				<Value>JED30</Value>
				<Value>NBO30</Value>
				<Value>LOS30</Value>
				<Value>CPQ20</Value>
				<Value>SYD25</Value>
				<Value>OSA21</Value>
				<Value>CYS03</Value>
				<Value>STG03</Value>
				<Value>STG02</Value>
				<Value>STG01</Value>
				<Value>PHD21</Value>
				<Value>CYG01</Value>
				<Value>CYD01</Value>
				<Value>CDM06</Value>
				<Value>CYS05</Value>
				<Value>SEL21</Value>
				<Value>LON22</Value>
				<Value>LON23</Value>
				<Value>LON24</Value>
				<Value>DUB09</Value>
				<Value>AMZ07</Value>
				<Value>AMS21</Value>
				<Value>BY5</Value>
				<Value>MEL23</Value>
				<Value>SN2-FX</Value>
				<Value>OSA22</Value>
				<Value>SAT09</Value>
				<Value>ZRH20</Value>
				<Value>CH1-FX</Value>
				<Value>DM4</Value>
				<Value>HKG21</Value>
				<Value>BER20</Value>
				<Value>GVA20</Value>
				<Value>PUS04</Value>
				<Value>YTO22</Value>
				<Value>MWH03</Value>
				<Value>PHX21</Value>
				<Value>STG30</Value>
				<Value>OSL20</Value>
				<Value>SVG20</Value>
				<Value>FRA21</Value>
				<Value>FRA22</Value>
				<Value>FRA23</Value>
				<Value>DSZ08</Value>
				<Value>RIO20</Value>
				<Value>RIO30</Value>
				<Value>AMS22</Value>
				<Value>AMS08</Value>
				<Value>AMS09</Value>
				<Value>DSM07</Value>
				<Value>MWH04</Value>
				<Value>MWH05</Value>
				<Value>CHI22</Value>
				<Value>CBR22</Value>
				<Value>CBR23</Value>
				<Value>CYS06</Value>
				<Value>DUB10</Value>
				<Value>CPQ21</Value>
				<Value>CPQ22</Value>
				<Value>CPQ23</Value>
				<Value>CPQ24</Value>
				<Value>SYD26</Value>
				<Value>SYD24</Value>
				<Value>SYD27</Value>
				<Value>SAT10</Value>
				<Value>SAT11</Value>
				<Value>SAT12</Value>
				<Value>SAT13</Value>
				<Value>MZZ20</Value>
				<Value>PNQ21</Value>
				<Value>PNQ22</Value>
				<Value>KW1</Value>
				<Value>TYO23</Value>
				<Value>SJC20</Value>
				<Value>SIN21</Value>
				<Value>SIN06</Value>
				<Value>SIN22</Value>
				<Value>FOR</Value>
				<Value>BNZ13</Value>
				<Value>BNZ10</Value>
				<Value>BLZ21</Value>
				<Value>BLZ23</Value>
				<Value>BLZ24</Value>
				<Value>BLZ22</Value>
				<Value>SEA90</Value>
				<Value>IAD90</Value>
				<Value>BD8</Value>
				<Value>BG8</Value>
				<Value>WAS90</Value>
				<Value>DG4</Value>
				<Value>BG4</Value>
				<Value>DSM09</Value>
				<Value>BNZ14</Value>
				<Value>BN9</Value>
				<Value>YTO23</Value>
				<Value>BD4</Value>
				<Value>SJC22</Value>
				<Value>SJC21</Value>
				<Value>PHX10</Value>
				<Value>PHX70</Value>
				<Value>PHX80</Value>
				<Value>DUB12</Value>
				<Value>CBN13</Value>
				<Value>CBN14</Value>
				<Value>CBN09</Value>
				<Value>CBN10</Value>
				<Value>CDM09</Value>
				<Value>CDZ08</Value>
				<Value>CDM08</Value>
				<Value>BN14</Value>
				<Value>BN10</Value>
				<Value>BN11</Value>
				<Value>BN13</Value>
				<Value>BN12</Value>
				<Value>MOW30</Value>
				<Value>DUS30</Value>
				<Value>TLV30</Value>
				<Value>SIN30</Value>
				<Value>SIN31</Value>
				<Value>AMS23</Value>
				<Value>AMS24</Value>
				<Value>SN7</Value>
				<Value>AMS11</Value>
				<Value>AMS12</Value>
				<Value>PHX11</Value>
				<Value>DSM10</Value>
				<Value>MMA01</Value>
				<Value>OSL21</Value>
				<Value>OSL22</Value>
				<Value>MRS21</Value>
				<Value>SAT20</Value>
				<Value>LON25</Value>
				<Value>ZRH22</Value>
				<Value>ZRH21</Value>
				<Value>GVX01</Value>
				<Value>GVX11</Value>
				<Value>GVX21</Value>
				<Value>SIN23</Value>
				<Value>BNZ11</Value>
				<Value>BNZ12</Value>
				<Value>PAR23</Value>
				<Value>PAR24</Value>
				<Value>PNQ20</Value>
				<Value>NAG20</Value>
				<Value>DD2</Value>
			</KnownValues>
			<ImpliedTags>
				<ImpliedTag Name="Region">
					<Item Name="DB4" Value="North Europe"/>
					<Item Name="DB5" Value="North Europe"/>
					<Item Name="DB2" Value="North Europe"/>
					<Item Name="DB3" Value="North Europe"/>
					<Item Name="JNB22" Value="South Africa North"/>
					<Item Name="JNB20" Value="South Africa North"/>
					<Item Name="PUS04" Value="Korea South"/>
					<Item Name="RIO30" Value="Brazil Southeast"/>
					<Item Name="BL2" Value="East US"/>
					<Item Name="BL3" Value="East US"/>
					<Item Name="BL4" Value="East US"/>
					<Item Name="BL5" Value="East US"/>
					<Item Name="BL6" Value="East US"/>
					<Item Name="BL7" Value="East US"/>
					<Item Name="CYS06" Value="West Central US"/>
					<Item Name="AMZ07" Value="West Europe"/>
					<Item Name="PNQ21" Value="Central India"/>
					<Item Name="PNQ20" Value="Central India"/>
					<Item Name="CDZ08" Value="Central US EUAP"/>
					<Item Name="SN6" Value="South Central US"/>
					<Item Name="LON21" Value="UK South"/>
					<Item Name="TYO21" Value="Japan East"/>
					<Item Name="TYO20" Value="Japan East"/>
					<Item Name="TYO23" Value="Japan East"/>
					<Item Name="TYO22" Value="Japan East"/>
					<Item Name="OSL21" Value="Norway East"/>
					<Item Name="OSL20" Value="Norway East"/>
					<Item Name="SYD03" Value="Australia East"/>
					<Item Name="FOR01" Value="Brazil Northeast"/>
					<Item Name="SYD23" Value="Australia East"/>
					<Item Name="AMS12" Value="West Europe"/>
					<Item Name="SN2-FX" Value="USGov Texas"/>
					<Item Name="PAR23" Value="France Central"/>
					<Item Name="DM3-FXD" Value="USDoD Central"/>
					<Item Name="CDM05" Value="Central US EUAP"/>
					<Item Name="DM2-FX" Value="USGov Iowa"/>
					<Item Name="MEL01" Value="Australia Southeast"/>
					<Item Name="CBY07" Value="East US 2 EUAP"/>
					<Item Name="MME20" Value="UK North"/>
					<Item Name="YTO20" Value="Canada Central"/>
					<Item Name="YTO21" Value="Canada Central"/>
					<Item Name="YTO22" Value="Canada Central"/>
					<Item Name="PAR30" Value="France Central"/>
					<Item Name="CDM08" Value="Central US EUAP"/>
					<Item Name="CDM09" Value="Central US EUAP"/>
					<Item Name="SYD27" Value="Australia East"/>
					<Item Name="MWH01" Value="West US 2"/>
					<Item Name="BLZ22" Value="East US"/>
					<Item Name="BLZ23" Value="East US"/>
					<Item Name="DG4" Value="USGov Iowa"/>
					<Item Name="AM3" Value="West Europe"/>
					<Item Name="BLZ24" Value="East US"/>
					<Item Name="AM1" Value="West Europe"/>
					<Item Name="SN5-FXD" Value="USDoD South Central"/>
					<Item Name="CBR20" Value="Australia Central"/>
					<Item Name="BY1" Value="West US"/>
					<Item Name="BY2" Value="West US"/>
					<Item Name="GVX11" Value="Sweden Central"/>
					<Item Name="BY4" Value="West US"/>
					<Item Name="BY5" Value="West US"/>
					<Item Name="PAR22" Value="France Central"/>
					<Item Name="DUB21" Value="North Europe"/>
					<Item Name="SG3" Value="Southeast Asia"/>
					<Item Name="MEL21" Value="Australia Southeast"/>
					<Item Name="SEL20" Value="Korea Central"/>
					<Item Name="SJC22" Value="West US"/>
					<Item Name="SJC20" Value="West US"/>
					<Item Name="AMS20" Value="West Europe"/>
					<Item Name="AMS21" Value="West Europe"/>
					<Item Name="AMS22" Value="West Europe"/>
					<Item Name="DM4" Value="USDoD Central"/>
					<Item Name="AMS24" Value="West Europe"/>
					<Item Name="DM2" Value="Central US"/>
					<Item Name="DM3" Value="Central US"/>
					<Item Name="SIN22" Value="Southeast Asia"/>
					<Item Name="DM1" Value="Central US"/>
					<Item Name="SIN20" Value="Southeast Asia"/>
					<Item Name="SN4" Value="South Central US"/>
					<Item Name="PHX20-FXD" Value="USDoD Southwest"/>
					<Item Name="B18" Value="West US 2"/>
					<Item Name="TYO01" Value="Japan East"/>
					<Item Name="SYD21" Value="Australia East"/>
					<Item Name="CPQ21" Value="Brazil South"/>
					<Item Name="AMS04" Value="West Europe"/>
					<Item Name="HEL01" Value="North Europe 2"/>
					<Item Name="TYO31" Value="Japan East"/>
					<Item Name="GVA20" Value="Switzerland West"/>
					<Item Name="AMS23" Value="West Europe"/>
					<Item Name="BL20" Value="East US"/>
					<Item Name="BY22" Value="West US"/>
					<Item Name="CPQ02" Value="Brazil South"/>
					<Item Name="DSM07" Value="Central US"/>
					<Item Name="DSM06" Value="Central US"/>
					<Item Name="DSM05" Value="Central US"/>
					<Item Name="DUB07" Value="North Europe"/>
					<Item Name="CYS01" Value="West Central US"/>
					<Item Name="DSM09" Value="Central US"/>
					<Item Name="DSM08" Value="Central US"/>
					<Item Name="SN5" Value="South Central US"/>
					<Item Name="OSA30" Value="Japan West"/>
					<Item Name="BOM30" Value="West India"/>
					<Item Name="PHX20-FX" Value="USGov Arizona"/>
					<Item Name="OSA02" Value="Japan West"/>
					<Item Name="AMZ06" Value="West Europe"/>
					<Item Name="CYG01" Value="USGov Wyoming"/>
					<Item Name="HKG20" Value="East Asia"/>
					<Item Name="STG02" Value="East US STG"/>
					<Item Name="SAT" Value="West US 2"/>
					<Item Name="DUB09" Value="North Europe"/>
					<Item Name="STG01" Value="East US STG"/>
					<Item Name="DUB08" Value="North Europe"/>
					<Item Name="DUB06" Value="North Europe"/>
					<Item Name="PHX21" Value="USGov Arizona"/>
					<Item Name="AM2" Value="West Europe"/>
					<Item Name="BER30" Value="Germany North"/>
					<Item Name="BN4" Value="East US 2"/>
					<Item Name="BLU" Value="East US"/>
					<Item Name="AMS08" Value="West Europe"/>
					<Item Name="HK3" Value="East Asia"/>
					<Item Name="HK1" Value="East Asia"/>
					<Item Name="LEJ20" Value="Germany NorthEast"/>
					<Item Name="GVX01" Value="Sweden Central"/>
					<Item Name="BN12" Value="USGov Virginia"/>
					<Item Name="OSA03" Value="Japan West"/>
					<Item Name="CYD01" Value="USDoD West Central"/>
					<Item Name="MAA02" Value="South India"/>
					<Item Name="AMS05" Value="West Europe"/>
					<Item Name="AMS06" Value="West Europe"/>
					<Item Name="MAA01" Value="South India"/>
					<Item Name="PHX80" Value="West US 3"/>
					<Item Name="VIE" Value="East Europe"/>
					<Item Name="BD8" Value="USDoD East"/>
					<Item Name="RIO20" Value="Brazil Southeast"/>
					<Item Name="CO1" Value="West US 2"/>
					<Item Name="BN3" Value="East US 2"/>
					<Item Name="LON20" Value="UK South 2"/>
					<Item Name="HKG21" Value="East Asia"/>
					<Item Name="LON22" Value="UK South"/>
					<Item Name="LON23" Value="UK South"/>
					<Item Name="LON24" Value="UK South"/>
					<Item Name="LON25" Value="UK South"/>
					<Item Name="BD4" Value="USDoD East"/>
					<Item Name="STG03" Value="South Central US STG"/>
					<Item Name="PUS20" Value="Korea South"/>
					<Item Name="CBZ07" Value="East US 2 EUAP"/>
					<Item Name="CBZ06" Value="East US 2 EUAP"/>
					<Item Name="CO3" Value="West US 2"/>
					<Item Name="CO2" Value="West US 2"/>
					<Item Name="CO5" Value="West US 2"/>
					<Item Name="CO4" Value="West US 2"/>
					<Item Name="DD2" Value="USDoD Central"/>
					<Item Name="HK2" Value="East Asia"/>
					<Item Name="BY20" Value="West US"/>
					<Item Name="RR1" Value="Redmond Ridge Lab"/>
					<Item Name="PHD21" Value="USDoD Southwest"/>
					<Item Name="DSZ08" Value="Central US"/>
					<Item Name="CH3" Value="North Central US"/>
					<Item Name="CH2" Value="North Central US"/>
					<Item Name="YQB20" Value="Canada East"/>
					<Item Name="CH4" Value="North Central US"/>
					<Item Name="OSA20" Value="Japan West"/>
					<Item Name="OSA21" Value="Japan West"/>
					<Item Name="OSA22" Value="Japan West"/>
					<Item Name="MWZ02" Value="West US 2"/>
					<Item Name="PHX70" Value="West US 3"/>
					<Item Name="AMS07" Value="West Europe"/>
					<Item Name="PNQ22" Value="Central India"/>
					<Item Name="CH1" Value="North Central US"/>
					<Item Name="BN1-FX" Value="USGov Virginia"/>
					<Item Name="MEL23" Value="Australia Southeast"/>
					<Item Name="SAT11" Value="South Central US"/>
					<Item Name="SAT10" Value="South Central US"/>
					<Item Name="MEL20" Value="Australia Southeast"/>
					<Item Name="SAT12" Value="South Central US"/>
					<Item Name="BN3-FXD" Value="USDoD East"/>
					<Item Name="STG30" Value="East US STG"/>
					<Item Name="KUL01" Value="APAC Southeast 2"/>
					<Item Name="CBR23" Value="Australia Central 2"/>
					<Item Name="OSL22" Value="Norway East"/>
					<Item Name="CBR21" Value="Australia Central 2"/>
					<Item Name="BLZ21" Value="East US"/>
					<Item Name="AUH20" Value="UAE Central"/>
					<Item Name="DUB10" Value="North Europe"/>
					<Item Name="DUB11" Value="North Europe"/>
					<Item Name="YTO23" Value="Canada Central"/>
					<Item Name="MMA01" Value="Sweden South"/>
					<Item Name="CDM03" Value="Central US EUAP"/>
					<Item Name="CDM06" Value="Central US EUAP"/>
					<Item Name="SJC21" Value="West US"/>
					<Item Name="BJ1" Value="China North 10"/>
					<Item Name="SCL01" Value="Chile Central"/>
					<Item Name="MWH03" Value="West US 2"/>
					<Item Name="SVG20" Value="Norway West"/>
					<Item Name="BN10" Value="East US 2"/>
					<Item Name="NAG20" Value="Jio India Central"/>
					<Item Name="DZ6" Value="Central US"/>
					<Item Name="BN11" Value="USGov Virginia"/>
					<Item Name="B43" Value="West US 2"/>
					<Item Name="DZ5" Value="Central US"/>
					<Item Name="MRS20" Value="France South"/>
					<Item Name="MRS21" Value="France South"/>
					<Item Name="BY3" Value="West US"/>
					<Item Name="BG8" Value="USGov Virginia"/>
					<Item Name="CWL20" Value="UK West"/>
					<Item Name="SN5-FX" Value="USGov Texas"/>
					<Item Name="CBN14" Value="East US 2 EUAP"/>
					<Item Name="CBN13" Value="East US 2 EUAP"/>
					<Item Name="BNZ12" Value="USGov Virginia"/>
					<Item Name="HKG31" Value="East Asia"/>
					<Item Name="BNZ10" Value="East US 2"/>
					<Item Name="BNZ11" Value="USGov Virginia"/>
					<Item Name="YTO01" Value="Canada Central"/>
					<Item Name="SYD" Value="Australia East"/>
					<Item Name="BNZ14" Value="East US 2"/>
					<Item Name="BZ7" Value="East US 2"/>
					<Item Name="BZ6" Value="East US 2"/>
					<Item Name="SAT13" Value="South Central US"/>
					<Item Name="SN7" Value="South Central US"/>
					<Item Name="BN13" Value="East US 2"/>
					<Item Name="SIN23" Value="Southeast Asia"/>
					<Item Name="JNB21" Value="South Africa North"/>
					<Item Name="BY21" Value="West US"/>
					<Item Name="BN2" Value="East US 2"/>
					<Item Name="SAT09" Value="South Central US"/>
					<Item Name="KW1" Value="Japan East"/>
					<Item Name="CBN10" Value="East US 2 EUAP"/>
					<Item Name="SIN06" Value="Southeast Asia"/>
					<Item Name="FRA21" Value="Germany West Central"/>
					<Item Name="FRA20" Value="Germany Central"/>
					<Item Name="CPQ20" Value="Brazil South"/>
					<Item Name="FRA22" Value="Germany West Central"/>
					<Item Name="SG1" Value="Southeast Asia"/>
					<Item Name="CPQ23" Value="Brazil South"/>
					<Item Name="CPQ24" Value="Brazil South"/>
					<Item Name="ZRH21" Value="Switzerland North"/>
					<Item Name="OSA31" Value="Japan West"/>
					<Item Name="OSA32" Value="Japan West"/>
					<Item Name="GVX21" Value="Sweden Central"/>
					<Item Name="DUB20" Value="North Europe"/>
					<Item Name="PHX11" Value="West US 3"/>
					<Item Name="MAA30" Value="South India"/>
					<Item Name="BN8" Value="East US 2"/>
					<Item Name="BN9" Value="East US 2"/>
					<Item Name="BER20" Value="Germany North"/>
					<Item Name="SIN31" Value="Southeast Asia"/>
					<Item Name="SIN30" Value="Southeast Asia"/>
					<Item Name="CYS01-FX" Value="USGov Wyoming"/>
					<Item Name="SAT20" Value="South Central US"/>
					<Item Name="SG2" Value="Southeast Asia"/>
					<Item Name="BN1" Value="East US 2"/>
					<Item Name="CHI20" Value="North Central US"/>
					<Item Name="CHI21" Value="North Central US"/>
					<Item Name="CHI22" Value="North Central US"/>
					<Item Name="BN6" Value="East US 2"/>
					<Item Name="ZRH22" Value="Switzerland North"/>
					<Item Name="DUB24" Value="North Europe"/>
					<Item Name="MWH04" Value="West US 2"/>
					<Item Name="CPT20" Value="South Africa West"/>
					<Item Name="MWH02" Value="West US 2"/>
					<Item Name="MNZ20" Value="East US"/>
					<Item Name="AMS11" Value="West Europe"/>
					<Item Name="CPQ01" Value="Brazil South"/>
					<Item Name="FRA23" Value="Germany West Central"/>
					<Item Name="SYD25" Value="Australia East"/>
					<Item Name="SYD24" Value="Australia East"/>
					<Item Name="SEL21" Value="Korea Central"/>
					<Item Name="SYD26" Value="Australia East"/>
					<Item Name="MZZ20" Value="South India"/>
					<Item Name="BOM01" Value="West India"/>
					<Item Name="PHX10" Value="West US 3"/>
					<Item Name="SYD22" Value="Australia East"/>
					<Item Name="PAR20" Value="France Central"/>
					<Item Name="PAR21" Value="France Central"/>
					<Item Name="CYS02" Value="West Central US"/>
					<Item Name="SN1" Value="South Central US"/>
					<Item Name="PAR24" Value="France Central"/>
					<Item Name="SN3" Value="South Central US"/>
					<Item Name="SN2" Value="South Central US"/>
					<Item Name="KAW" Value="Japan East"/>
					<Item Name="CYS04" Value="West Central US"/>
					<Item Name="CYS05" Value="West Central US"/>
					<Item Name="BY24" Value="West US"/>
					<Item Name="ZRH20" Value="Switzerland North"/>
					<Item Name="CBN07" Value="East US 2 EUAP"/>
					<Item Name="CBN06" Value="East US 2 EUAP"/>
					<Item Name="CBN04" Value="East US 2 EUAP"/>
					<Item Name="VIE01" Value="East Europe"/>
					<Item Name="PNQ01" Value="Central India"/>
					<Item Name="BNZ13" Value="East US 2"/>
					<Item Name="BN14" Value="East US 2"/>
					<Item Name="BN7" Value="East US 2"/>
					<Item Name="BG4" Value="USGov Virginia"/>
					<Item Name="DSM10" Value="Central US"/>
					<Item Name="CBN09" Value="East US 2 EUAP"/>
					<Item Name="AMS09" Value="West Europe"/>
					<Item Name="CBR22" Value="Australia Central"/>
					<Item Name="GRU" Value="Brazil Southeast"/>
					<Item Name="SIN21" Value="Southeast Asia"/>
					<Item Name="DBB" Value="North Europe"/>
					<Item Name="CYS03" Value="West Central US"/>
					<Item Name="RIO01" Value="Brazil Southeast"/>
					<Item Name="MWH05" Value="West US 2"/>
					<Item Name="OSA01" Value="Japan West"/>
					<Item Name="CPQ22" Value="Brazil South"/>
					<Item Name="DUB12" Value="North Europe"/>
					<Item Name="DXB20" Value="UAE North"/>
				</ImpliedTag>
				<ImpliedTag Name="Cloud">
					<Item Name="AMS08" Value="Public"/>
					<Item Name="AMS09" Value="Public"/>
					<Item Name="PHX20-FXD" Value="Federal"/>
					<Item Name="DB4" Value="Public"/>
					<Item Name="DB5" Value="Public"/>
					<Item Name="DB2" Value="Public"/>
					<Item Name="DB3" Value="Public"/>
					<Item Name="SYD03" Value="Public"/>
					<Item Name="AMS04" Value="Public"/>
					<Item Name="AMS05" Value="Public"/>
					<Item Name="AMS06" Value="Public"/>
					<Item Name="AMS07" Value="Public"/>
					<Item Name="PHX20-FX" Value="Federal"/>
					<Item Name="CPQ23" Value="Public"/>
					<Item Name="FRA20" Value="Blackforest"/>
					<Item Name="PHX21" Value="Federal"/>
					<Item Name="CPT20" Value="Public"/>
					<Item Name="MWH05" Value="Public"/>
					<Item Name="DM2-FX" Value="Federal"/>
					<Item Name="MWH03" Value="Public"/>
					<Item Name="MWH02" Value="Public"/>
					<Item Name="MRS20" Value="Public"/>
					<Item Name="MRS21" Value="Public"/>
					<Item Name="DSM07" Value="Public"/>
					<Item Name="DSM06" Value="Public"/>
					<Item Name="DSM05" Value="Public"/>
					<Item Name="STG02" Value="Public"/>
					<Item Name="STG03" Value="Public"/>
					<Item Name="AMS20" Value="Public"/>
					<Item Name="AMS21" Value="Public"/>
					<Item Name="DSM08" Value="Public"/>
					<Item Name="AMS23" Value="Public"/>
					<Item Name="AMS24" Value="Public"/>
					<Item Name="LEJ20" Value="Blackforest"/>
					<Item Name="SN2-FX" Value="Federal"/>
					<Item Name="BOM01" Value="Public"/>
					<Item Name="MNZ20" Value="Public"/>
					<Item Name="DM1" Value="Public"/>
					<Item Name="CBR23" Value="Public"/>
					<Item Name="CBR22" Value="Public"/>
					<Item Name="B43" Value="Public"/>
					<Item Name="CBR20" Value="Public"/>
					<Item Name="BZ6" Value="Public"/>
					<Item Name="BZ7" Value="Public"/>
					<Item Name="BJ1" Value="Public"/>
					<Item Name="ZRH21" Value="Public"/>
					<Item Name="BG8" Value="Federal"/>
					<Item Name="CBN14" Value="Public"/>
					<Item Name="CBR21" Value="Public"/>
					<Item Name="CBN10" Value="Public"/>
					<Item Name="OSA30" Value="Public"/>
					<Item Name="JNB22" Value="Public"/>
					<Item Name="BG4" Value="Federal"/>
					<Item Name="JNB20" Value="Public"/>
					<Item Name="JNB21" Value="Public"/>
					<Item Name="YTO23" Value="Public"/>
					<Item Name="LON20" Value="Public"/>
					<Item Name="SYD25" Value="Public"/>
					<Item Name="LON22" Value="Public"/>
					<Item Name="SYD27" Value="Public"/>
					<Item Name="LON24" Value="Public"/>
					<Item Name="LON25" Value="Public"/>
					<Item Name="SYD23" Value="Public"/>
					<Item Name="SYD22" Value="Public"/>
					<Item Name="CHI20" Value="Public"/>
					<Item Name="CHI21" Value="Public"/>
					<Item Name="CHI22" Value="Public"/>
					<Item Name="SYD24" Value="Public"/>
					<Item Name="KW1" Value="Public"/>
					<Item Name="MWH01" Value="Public"/>
					<Item Name="OSA31" Value="Public"/>
					<Item Name="DUB24" Value="Public"/>
					<Item Name="MEL01" Value="Public"/>
					<Item Name="DUB20" Value="Public"/>
					<Item Name="RIO01" Value="Public"/>
					<Item Name="CYS01" Value="Public"/>
					<Item Name="CYS06" Value="Public"/>
					<Item Name="CH3" Value="Public"/>
					<Item Name="CH2" Value="Public"/>
					<Item Name="CYS05" Value="Public"/>
					<Item Name="CH4" Value="Public"/>
					<Item Name="CYS01-FX" Value="Federal"/>
					<Item Name="OSL21" Value="Public"/>
					<Item Name="OSL20" Value="Public"/>
					<Item Name="DD2" Value="Federal"/>
					<Item Name="OSL22" Value="Public"/>
					<Item Name="KUL01" Value="Public"/>
					<Item Name="SIN06" Value="Public"/>
					<Item Name="BL20" Value="Public"/>
					<Item Name="AM3" Value="Public"/>
					<Item Name="AM2" Value="Public"/>
					<Item Name="AM1" Value="Public"/>
					<Item Name="CBZ07" Value="Public"/>
					<Item Name="CBZ06" Value="Public"/>
					<Item Name="STG01" Value="Public"/>
					<Item Name="BN1-FX" Value="Federal"/>
					<Item Name="BN6" Value="Public"/>
					<Item Name="CWL20" Value="Public"/>
					<Item Name="BL2" Value="Public"/>
					<Item Name="BL3" Value="Public"/>
					<Item Name="BL4" Value="Public"/>
					<Item Name="BL5" Value="Public"/>
					<Item Name="BL6" Value="Public"/>
					<Item Name="BL7" Value="Public"/>
					<Item Name="MAA30" Value="Public"/>
					<Item Name="BN11" Value="Federal"/>
					<Item Name="DXB30" Value="Public"/>
					<Item Name="JED30" Value="Public"/>
					<Item Name="PNQ22" Value="Public"/>
					<Item Name="DM4" Value="Federal"/>
					<Item Name="PNQ20" Value="Public"/>
					<Item Name="DM2" Value="Public"/>
					<Item Name="DM3" Value="Public"/>
					<Item Name="AMS11" Value="Public"/>
					<Item Name="AMS12" Value="Public"/>
					<Item Name="OSA21" Value="Public"/>
					<Item Name="CDM05" Value="Public"/>
					<Item Name="MZZ20" Value="Public"/>
					<Item Name="BN9" Value="Public"/>
					<Item Name="BN12" Value="Federal"/>
					<Item Name="TYO01" Value="Public"/>
					<Item Name="SJC21" Value="Public"/>
					<Item Name="BN1" Value="Public"/>
					<Item Name="CDM08" Value="Public"/>
					<Item Name="BN3" Value="Public"/>
					<Item Name="PUS20" Value="Public"/>
					<Item Name="SG1" Value="Public"/>
					<Item Name="SN5-FX" Value="Federal"/>
					<Item Name="SG3" Value="Public"/>
					<Item Name="SG2" Value="Public"/>
					<Item Name="HK2" Value="Public"/>
					<Item Name="HK3" Value="Public"/>
					<Item Name="HK1" Value="Public"/>
					<Item Name="DM3-FXD" Value="Federal"/>
					<Item Name="CDM03" Value="Public"/>
					<Item Name="STG30" Value="Public"/>
					<Item Name="BN14" Value="Public"/>
					<Item Name="CDM06" Value="Public"/>
					<Item Name="TYO21" Value="Public"/>
					<Item Name="TYO20" Value="Public"/>
					<Item Name="TYO23" Value="Public"/>
					<Item Name="TYO22" Value="Public"/>
					<Item Name="CYG01" Value="Federal"/>
					<Item Name="SIN22" Value="Public"/>
					<Item Name="LON23" Value="Public"/>
					<Item Name="LOS30" Value="Public"/>
					<Item Name="BNZ14" Value="Public"/>
					<Item Name="DSM09" Value="Public"/>
					<Item Name="DSM10" Value="Public"/>
					<Item Name="VIE01" Value="Public"/>
					<Item Name="PNQ01" Value="Public"/>
					<Item Name="MAA02" Value="Public"/>
					<Item Name="DZ6" Value="Public"/>
					<Item Name="CBN07" Value="Public"/>
					<Item Name="CBN06" Value="Public"/>
					<Item Name="DZ5" Value="Public"/>
					<Item Name="CBN04" Value="Public"/>
					<Item Name="CDZ08" Value="Public"/>
					<Item Name="DUB09" Value="Public"/>
					<Item Name="CYS03" Value="Public"/>
					<Item Name="BN3-FXD" Value="Federal"/>
					<Item Name="DUB21" Value="Public"/>
					<Item Name="B18" Value="Public"/>
					<Item Name="CYD01" Value="Federal"/>
					<Item Name="BLU" Value="Public"/>
					<Item Name="CBN09" Value="Public"/>
					<Item Name="SN3" Value="Public"/>
					<Item Name="BN2" Value="Public"/>
					<Item Name="DG4" Value="Federal"/>
					<Item Name="DUB08" Value="Public"/>
					<Item Name="MME20" Value="Public"/>
					<Item Name="SAT09" Value="Public"/>
					<Item Name="PNQ21" Value="Public"/>
					<Item Name="DUB06" Value="Public"/>
					<Item Name="DUB07" Value="Public"/>
					<Item Name="HKG21" Value="Public"/>
					<Item Name="HKG20" Value="Public"/>
					<Item Name="BN8" Value="Public"/>
					<Item Name="GVX01" Value="Public"/>
					<Item Name="BY22" Value="Public"/>
					<Item Name="PHX70" Value="Public"/>
					<Item Name="IST30" Value="Public"/>
					<Item Name="NBO30" Value="Public"/>
					<Item Name="CDM09" Value="Public"/>
					<Item Name="GVX11" Value="Public"/>
					<Item Name="SYD26" Value="Public"/>
					<Item Name="CYS02" Value="Public"/>
					<Item Name="VIE" Value="Public"/>
					<Item Name="CPQ20" Value="Public"/>
					<Item Name="CPQ21" Value="Public"/>
					<Item Name="CPQ22" Value="Public"/>
					<Item Name="SN2" Value="Public"/>
					<Item Name="SN5" Value="Public"/>
					<Item Name="SN4" Value="Public"/>
					<Item Name="SN7" Value="Public"/>
					<Item Name="SN6" Value="Public"/>
					<Item Name="MEL23" Value="Public"/>
					<Item Name="MEL21" Value="Public"/>
					<Item Name="MEL20" Value="Public"/>
					<Item Name="DSZ08" Value="Public"/>
					<Item Name="PHX10" Value="Public"/>
					<Item Name="PHX11" Value="Public"/>
					<Item Name="BER20" Value="Public"/>
					<Item Name="RIO30" Value="Public"/>
					<Item Name="CH1-FX" Value="Federal"/>
					<Item Name="BN13" Value="Public"/>
					<Item Name="HAM31" Value="Public"/>
					<Item Name="HAM30" Value="Public"/>
					<Item Name="BY20" Value="Public"/>
					<Item Name="RR1" Value="Public"/>
					<Item Name="BN10" Value="Public"/>
					<Item Name="DXB20" Value="Public"/>
					<Item Name="OSA32" Value="Public"/>
					<Item Name="SAT" Value="Public"/>
					<Item Name="SIN31" Value="Public"/>
					<Item Name="SIN30" Value="Public"/>
					<Item Name="AUH20" Value="Public"/>
					<Item Name="AMZ07" Value="Public"/>
					<Item Name="AMZ06" Value="Public"/>
					<Item Name="PUS01" Value="Public"/>
					<Item Name="SAT20" Value="Public"/>
					<Item Name="BY2" Value="Public"/>
					<Item Name="BY3" Value="Public"/>
					<Item Name="BY4" Value="Public"/>
					<Item Name="BY5" Value="Public"/>
					<Item Name="GRU" Value="Public"/>
					<Item Name="SJC20" Value="Public"/>
					<Item Name="FRA21" Value="Public"/>
					<Item Name="PHX80" Value="Public"/>
					<Item Name="NAG20" Value="Public"/>
					<Item Name="FRA22" Value="Public"/>
					<Item Name="KAW" Value="Public"/>
					<Item Name="SYD" Value="Public"/>
					<Item Name="SAT11" Value="Public"/>
					<Item Name="SAT10" Value="Public"/>
					<Item Name="SAT13" Value="Public"/>
					<Item Name="SAT12" Value="Public"/>
					<Item Name="BN7" Value="Public"/>
					<Item Name="SN5-FXD" Value="Federal"/>
					<Item Name="BOM30" Value="Public"/>
					<Item Name="BY24" Value="Public"/>
					<Item Name="BNZ12" Value="Federal"/>
					<Item Name="BNZ13" Value="Public"/>
					<Item Name="BNZ10" Value="Public"/>
					<Item Name="BNZ11" Value="Federal"/>
					<Item Name="BLZ23" Value="Public"/>
					<Item Name="MWH04" Value="Public"/>
					<Item Name="BLZ21" Value="Public"/>
					<Item Name="TYO31" Value="Public"/>
					<Item Name="BLZ24" Value="Public"/>
					<Item Name="PAR20" Value="Public"/>
					<Item Name="PAR21" Value="Public"/>
					<Item Name="SJC22" Value="Public"/>
					<Item Name="SYD21" Value="Public"/>
					<Item Name="PAR24" Value="Public"/>
					<Item Name="SVG20" Value="Public"/>
					<Item Name="BD8" Value="Federal"/>
					<Item Name="SN1" Value="Public"/>
					<Item Name="SEL21" Value="Public"/>
					<Item Name="SEL20" Value="Public"/>
					<Item Name="OSA20" Value="Public"/>
					<Item Name="ZRH20" Value="Public"/>
					<Item Name="OSA22" Value="Public"/>
					<Item Name="ZRH22" Value="Public"/>
					<Item Name="CO1" Value="Public"/>
					<Item Name="CO3" Value="Public"/>
					<Item Name="CO2" Value="Public"/>
					<Item Name="CO5" Value="Public"/>
					<Item Name="BY21" Value="Public"/>
					<Item Name="CPQ24" Value="Public"/>
					<Item Name="PHD21" Value="Federal"/>
					<Item Name="FRA23" Value="Public"/>
					<Item Name="FRA30" Value="Public"/>
					<Item Name="MMA01" Value="Public"/>
					<Item Name="PAR23" Value="Public"/>
					<Item Name="YQB20" Value="Public"/>
					<Item Name="GVX21" Value="Public"/>
					<Item Name="OSA01" Value="Public"/>
					<Item Name="OSA02" Value="Public"/>
					<Item Name="OSA03" Value="Public"/>
					<Item Name="DUB10" Value="Public"/>
					<Item Name="DUB11" Value="Public"/>
					<Item Name="DUB12" Value="Public"/>
					<Item Name="BY1" Value="Public"/>
					<Item Name="BD4" Value="Federal"/>
					<Item Name="BLZ22" Value="Public"/>
					<Item Name="BN4" Value="Public"/>
					<Item Name="AMS22" Value="Public"/>
					<Item Name="CBN13" Value="Public"/>
					<Item Name="CYS04" Value="Public"/>
					<Item Name="FRA31" Value="Public"/>
					<Item Name="MAA01" Value="Public"/>
					<Item Name="HKG31" Value="Public"/>
					<Item Name="CPQ01" Value="Public"/>
					<Item Name="CPQ02" Value="Public"/>
					<Item Name="LON21" Value="Public"/>
					<Item Name="CO4" Value="Public"/>
					<Item Name="YTO01" Value="Public"/>
					<Item Name="FOR01" Value="Public"/>
					<Item Name="PAR22" Value="Public"/>
					<Item Name="SCL01" Value="Public"/>
					<Item Name="SIN23" Value="Public"/>
					<Item Name="PAR30" Value="Public"/>
					<Item Name="SIN21" Value="Public"/>
					<Item Name="SIN20" Value="Public"/>
					<Item Name="YTO20" Value="Public"/>
					<Item Name="YTO21" Value="Public"/>
					<Item Name="YTO22" Value="Public"/>
					<Item Name="RIO20" Value="Public"/>
					<Item Name="GVA20" Value="Public"/>
					<Item Name="DBB" Value="Public"/>
					<Item Name="HEL01" Value="Public"/>
					<Item Name="BER30" Value="Public"/>
					<Item Name="PUS04" Value="Public"/>
					<Item Name="CBY07" Value="Public"/>
					<Item Name="MWZ02" Value="Public"/>
					<Item Name="CH1" Value="Public"/>
				</ImpliedTag>
				<ImpliedTag Name="AvailabilityZone">
					<Item Name="SAT09" Value="ussouth-AZ02"/>
					<Item Name="DB5" Value="europenorth-AZ01"/>
					<Item Name="DB2" Value="europenorth-AZ01"/>
					<Item Name="DB3" Value="europenorth-AZ01"/>
					<Item Name="JNB22" Value="southafrican-AZ03"/>
					<Item Name="JNB20" Value="southafrican-AZ01"/>
					<Item Name="PUS04" Value="koreasouth-NONE"/>
					<Item Name="RIO30" Value="brazilse-NONE"/>
					<Item Name="PAR24" Value="francec-AZ03"/>
					<Item Name="BL2" Value="useast-AZ01"/>
					<Item Name="BL3" Value="useast-AZ01"/>
					<Item Name="BL4" Value="useast-AZ01"/>
					<Item Name="BL5" Value="useast-AZ01"/>
					<Item Name="BL6" Value="useast-AZ01"/>
					<Item Name="BL7" Value="useast-AZ01"/>
					<Item Name="CYS06" Value="uswestcentral-NONE"/>
					<Item Name="AMZ07" Value="europewest-AZ02"/>
					<Item Name="PNQ21" Value="indiacentral-AZ01"/>
					<Item Name="PNQ20" Value="indiacentral-AZ03"/>
					<Item Name="CDZ08" Value="uscentraleuap-NONE"/>
					<Item Name="AMS11" Value="europewest-AZ02"/>
					<Item Name="TYO21" Value="japaneast-AZ02"/>
					<Item Name="TYO20" Value="japaneast-AZ03"/>
					<Item Name="TYO23" Value="japaneast-AZ01"/>
					<Item Name="TYO22" Value="japaneast-AZ02"/>
					<Item Name="OSL21" Value="norwaye-AZ02"/>
					<Item Name="OSL20" Value="norwaye-AZ01"/>
					<Item Name="SYD03" Value="australiaeast-AZ01"/>
					<Item Name="FOR01" Value="brazilne-NONE"/>
					<Item Name="SN2-FX" Value="usgovsc-NONE"/>
					<Item Name="BJ1" Value="chinan10-NONE"/>
					<Item Name="CDM06" Value="uscentraleuap-NONE"/>
					<Item Name="MEL01" Value="australiasoutheast-NONE"/>
					<Item Name="CBY07" Value="useast2euap-AZ03"/>
					<Item Name="MME20" Value="uknorth-NONE"/>
					<Item Name="YTO20" Value="canadacentral-AZ01"/>
					<Item Name="YTO21" Value="canadacentral-AZ02"/>
					<Item Name="YTO22" Value="canadacentral-AZ01"/>
					<Item Name="PAR30" Value="francec-AZ01"/>
					<Item Name="CDM08" Value="uscentraleuap-NONE"/>
					<Item Name="CDM09" Value="uscentraleuap-NONE"/>
					<Item Name="SYD27" Value="australiaeast-AZ03"/>
					<Item Name="MWH01" Value="uswest2-AZ01"/>
					<Item Name="BLZ22" Value="useast-AZ02"/>
					<Item Name="BLZ23" Value="useast-AZ01"/>
					<Item Name="DG4" Value="usgovcentral-NONE"/>
					<Item Name="AM3" Value="europewest-AZ01"/>
					<Item Name="BLZ24" Value="useast-AZ01"/>
					<Item Name="AM1" Value="europewest-AZ01"/>
					<Item Name="CYS05" Value="uswestcentral-NONE"/>
					<Item Name="SN5-FXD" Value="usdodsc-NONE"/>
					<Item Name="CBR20" Value="australiac-NONE"/>
					<Item Name="PAR20" Value="francec-AZ01"/>
					<Item Name="BY1" Value="uswest-NONE"/>
					<Item Name="BY2" Value="uswest-NONE"/>
					<Item Name="GVX11" Value="swedenc-AZ02"/>
					<Item Name="BY4" Value="uswest-NONE"/>
					<Item Name="BY5" Value="uswest-NONE"/>
					<Item Name="SN6" Value="ussouth-AZ01"/>
					<Item Name="PAR22" Value="francec-AZ03"/>
					<Item Name="DUB21" Value="europenorth-AZ02"/>
					<Item Name="DD2" Value="usdodcentral-NONE"/>
					<Item Name="SJC22" Value="uswest-NONE"/>
					<Item Name="SJC20" Value="uswest-NONE"/>
					<Item Name="AMS20" Value="europewest-AZ01"/>
					<Item Name="AMS21" Value="europewest-AZ01"/>
					<Item Name="AMS22" Value="europewest-AZ01"/>
					<Item Name="DM4" Value="usdodcentral-NONE"/>
					<Item Name="AMS24" Value="europewest-AZ01"/>
					<Item Name="DM2" Value="uscentral-AZ01"/>
					<Item Name="DM3" Value="uscentral-AZ01"/>
					<Item Name="SIN22" Value="asiasoutheast-AZ03"/>
					<Item Name="SIN21" Value="asiasoutheast-AZ01"/>
					<Item Name="SIN20" Value="asiasoutheast-AZ01"/>
					<Item Name="SN4" Value="ussouth-AZ01"/>
					<Item Name="PHX20-FXD" Value="usdodsw-NONE"/>
					<Item Name="BLU" Value="useast-AZ01"/>
					<Item Name="TYO01" Value="japaneast-AZ01"/>
					<Item Name="SYD21" Value="australiaeast-AZ02"/>
					<Item Name="CPQ21" Value="brazilsouth-AZ01"/>
					<Item Name="AMS04" Value="europewest-AZ01"/>
					<Item Name="LON22" Value="uksouth-AZ02"/>
					<Item Name="HEL01" Value="europenorth2-NONE"/>
					<Item Name="TYO31" Value="japaneast-AZ01"/>
					<Item Name="GVA20" Value="switzerlandw-NONE"/>
					<Item Name="AMS23" Value="europewest-AZ01"/>
					<Item Name="BL20" Value="useast-AZ02"/>
					<Item Name="BY22" Value="uswest-NONE"/>
					<Item Name="CPQ02" Value="brazilsouth-AZ01"/>
					<Item Name="DSM07" Value="uscentral-AZ02"/>
					<Item Name="DSM06" Value="uscentral-AZ02"/>
					<Item Name="DSM05" Value="uscentral-AZ03"/>
					<Item Name="DUB07" Value="europenorth-AZ02"/>
					<Item Name="BN13" Value="useast2-AZ01"/>
					<Item Name="PHX10" Value="uswest3-AZ01"/>
					<Item Name="DSM08" Value="uscentral-AZ03"/>
					<Item Name="SN5" Value="ussouth-AZ01"/>
					<Item Name="SN1" Value="ussouth-AZ01"/>
					<Item Name="BOM30" Value="indiawest-NONE"/>
					<Item Name="PHX20-FX" Value="usgovsw-AZ01"/>
					<Item Name="OSA02" Value="japanwest-NONE"/>
					<Item Name="AMZ06" Value="europewest-AZ03"/>
					<Item Name="CYG01" Value="usgovwc-NONE"/>
					<Item Name="STG02" Value="usstagee-AZ01"/>
					<Item Name="DUB08" Value="europenorth-AZ01"/>
					<Item Name="DUB09" Value="europenorth-AZ01"/>
					<Item Name="STG01" Value="usstagee-AZ01"/>
					<Item Name="SAT10" Value="ussouth-AZ02"/>
					<Item Name="DUB06" Value="europenorth-AZ03"/>
					<Item Name="PHX21" Value="usgovsw-AZ01"/>
					<Item Name="AM2" Value="europewest-AZ01"/>
					<Item Name="BER30" Value="germanyn-NONE"/>
					<Item Name="CPQ24" Value="brazilsouth-AZ03"/>
					<Item Name="BN4" Value="useast2-AZ01"/>
					<Item Name="VIE" Value="europeeast-NONE"/>
					<Item Name="DM1" Value="uscentral-AZ01"/>
					<Item Name="CDM05" Value="uscentraleuap-NONE"/>
					<Item Name="AMS08" Value="europewest-AZ02"/>
					<Item Name="HK3" Value="asiaeast-NONE"/>
					<Item Name="HK1" Value="asiaeast-NONE"/>
					<Item Name="LEJ20" Value="germanynortheast-NONE"/>
					<Item Name="GVX01" Value="swedenc-AZ01"/>
					<Item Name="CYD01" Value="usdodwc-NONE"/>
					<Item Name="MAA02" Value="indiasouth-AZ01"/>
					<Item Name="AMS05" Value="europewest-AZ03"/>
					<Item Name="AMS06" Value="europewest-AZ02"/>
					<Item Name="MAA01" Value="indiasouth-NONE"/>
					<Item Name="PHX80" Value="uswest3-AZ03"/>
					<Item Name="BD8" Value="usdodeast-AZ01"/>
					<Item Name="DZ6" Value="uscentral-AZ01"/>
					<Item Name="RIO20" Value="brazilse-NONE"/>
					<Item Name="CO1" Value="uswest2-AZ01"/>
					<Item Name="LON20" Value="uksouth2-NONE"/>
					<Item Name="LON21" Value="uksouth-AZ01"/>
					<Item Name="HKG20" Value="asiaeast-NONE"/>
					<Item Name="LON23" Value="uksouth-AZ03"/>
					<Item Name="LON24" Value="uksouth-AZ01"/>
					<Item Name="LON25" Value="uksouth-AZ01"/>
					<Item Name="BD4" Value="usdodeast-AZ01"/>
					<Item Name="STG03" Value="usstagesc-AZ01"/>
					<Item Name="PUS20" Value="koreasouth-NONE"/>
					<Item Name="CBZ07" Value="useast2euap-AZ02"/>
					<Item Name="CBZ06" Value="useast2euap-AZ03"/>
					<Item Name="CO3" Value="uswest2-AZ01"/>
					<Item Name="CO2" Value="uswest2-AZ01"/>
					<Item Name="CO5" Value="uswest2-AZ01"/>
					<Item Name="CO4" Value="uswest2-AZ01"/>
					<Item Name="HK2" Value="asiaeast-NONE"/>
					<Item Name="BY20" Value="uswest-NONE"/>
					<Item Name="PHD21" Value="usdodsw-NONE"/>
					<Item Name="DSZ08" Value="uscentral-AZ01"/>
					<Item Name="CH3" Value="usnorth-NONE"/>
					<Item Name="CH2" Value="usnorth-NONE"/>
					<Item Name="YQB20" Value="canadaeast-NONE"/>
					<Item Name="CH4" Value="usnorth-NONE"/>
					<Item Name="OSA20" Value="japanwest-NONE"/>
					<Item Name="OSA21" Value="japanwest-NONE"/>
					<Item Name="OSA22" Value="japanwest-NONE"/>
					<Item Name="MWZ02" Value="uswest2-AZ02"/>
					<Item Name="PHX70" Value="uswest3-AZ02"/>
					<Item Name="AMS07" Value="europewest-AZ03"/>
					<Item Name="PNQ22" Value="indiacentral-AZ02"/>
					<Item Name="CH1" Value="usnorth-NONE"/>
					<Item Name="BN1-FX" Value="usgoveast-AZ01"/>
					<Item Name="MEL23" Value="australiasoutheast-NONE"/>
					<Item Name="SAT11" Value="ussouth-AZ02"/>
					<Item Name="MEL21" Value="australiasoutheast-NONE"/>
					<Item Name="MEL20" Value="australiasoutheast-NONE"/>
					<Item Name="SAT12" Value="ussouth-AZ02"/>
					<Item Name="BN3-FXD" Value="usdodeast-AZ01"/>
					<Item Name="STG30" Value="usstagee-AZ01"/>
					<Item Name="KUL01" Value="asiasoutheast2-NONE"/>
					<Item Name="CBR23" Value="australiac2-NONE"/>
					<Item Name="OSL22" Value="norwaye-AZ03"/>
					<Item Name="CBR21" Value="australiac2-NONE"/>
					<Item Name="BLZ21" Value="useast-AZ01"/>
					<Item Name="AUH20" Value="uaec-NONE"/>
					<Item Name="DUB10" Value="europenorth-AZ03"/>
					<Item Name="DUB11" Value="europenorth-AZ01"/>
					<Item Name="YTO23" Value="canadacentral-AZ03"/>
					<Item Name="MMA01" Value="swedens-NONE"/>
					<Item Name="DM2-FX" Value="usgovcentral-NONE"/>
					<Item Name="SJC21" Value="uswest-NONE"/>
					<Item Name="SVG20" Value="norwayw-NONE"/>
					<Item Name="BN10" Value="useast2-AZ01"/>
					<Item Name="NAG20" Value="jioinc-NONE"/>
					<Item Name="AMS12" Value="europewest-AZ03"/>
					<Item Name="DZ5" Value="uscentral-AZ02"/>
					<Item Name="MRS20" Value="frances-NONE"/>
					<Item Name="MRS21" Value="frances-NONE"/>
					<Item Name="BY3" Value="uswest-NONE"/>
					<Item Name="BG8" Value="usgoveast-AZ02"/>
					<Item Name="CWL20" Value="ukwest-NONE"/>
					<Item Name="SN5-FX" Value="usgovsc-NONE"/>
					<Item Name="CBN14" Value="useast2euap-AZ01"/>
					<Item Name="CBN13" Value="useast2euap-AZ01"/>
					<Item Name="BNZ12" Value="usgoveast-AZ03"/>
					<Item Name="BNZ13" Value="useast2-AZ01"/>
					<Item Name="BNZ10" Value="useast2-AZ03"/>
					<Item Name="BNZ11" Value="usgoveast-AZ01"/>
					<Item Name="YTO01" Value="canadacentral-AZ01"/>
					<Item Name="SYD" Value="australiaeast-AZ01"/>
					<Item Name="BNZ14" Value="useast2-AZ01"/>
					<Item Name="BZ7" Value="useast2-AZ01"/>
					<Item Name="DUB12" Value="europenorth-AZ03"/>
					<Item Name="BZ6" Value="useast2-AZ02"/>
					<Item Name="SAT13" Value="ussouth-AZ02"/>
					<Item Name="GRU" Value="brazilse-NONE"/>
					<Item Name="GVX21" Value="swedenc-AZ03"/>
					<Item Name="SIN23" Value="asiasoutheast-AZ01"/>
					<Item Name="DSM10" Value="uscentral-AZ03"/>
					<Item Name="JNB21" Value="southafrican-AZ02"/>
					<Item Name="BY21" Value="uswest-NONE"/>
					<Item Name="BN2" Value="useast2-AZ01"/>
					<Item Name="KW1" Value="japaneast-AZ01"/>
					<Item Name="CBN10" Value="useast2euap-AZ03"/>
					<Item Name="SIN06" Value="asiasoutheast-AZ02"/>
					<Item Name="FRA21" Value="germanywc-AZ01"/>
					<Item Name="FRA20" Value="germanycentral-AZ01"/>
					<Item Name="CPQ20" Value="brazilsouth-AZ01"/>
					<Item Name="FRA22" Value="germanywc-AZ02"/>
					<Item Name="SG1" Value="asiasoutheast-AZ03"/>
					<Item Name="CPQ23" Value="brazilsouth-AZ02"/>
					<Item Name="SG3" Value="asiasoutheast-AZ03"/>
					<Item Name="ZRH21" Value="switzerlandn-AZ03"/>
					<Item Name="ZRH22" Value="switzerlandn-AZ02"/>
					<Item Name="CBR22" Value="australiac-NONE"/>
					<Item Name="CPT20" Value="southafricaw-NONE"/>
					<Item Name="DB4" Value="europenorth-AZ01"/>
					<Item Name="MAA30" Value="indiasouth-AZ01"/>
					<Item Name="BN8" Value="useast2-AZ02"/>
					<Item Name="BN9" Value="useast2-AZ02"/>
					<Item Name="BER20" Value="germanyn-NONE"/>
					<Item Name="SIN31" Value="asiasoutheast-AZ01"/>
					<Item Name="SIN30" Value="asiasoutheast-AZ01"/>
					<Item Name="CYS01-FX" Value="usgovwc-NONE"/>
					<Item Name="DUB24" Value="europenorth-AZ03"/>
					<Item Name="SAT20" Value="ussouth-AZ01"/>
					<Item Name="SG2" Value="asiasoutheast-AZ02"/>
					<Item Name="BN1" Value="useast2-AZ01"/>
					<Item Name="CHI20" Value="usnorth-NONE"/>
					<Item Name="CHI21" Value="usnorth-NONE"/>
					<Item Name="CHI22" Value="usnorth-NONE"/>
					<Item Name="BN6" Value="useast2-AZ03"/>
					<Item Name="BN7" Value="useast2-AZ03"/>
					<Item Name="SCL01" Value="chilecentral-AZ01"/>
					<Item Name="MWH04" Value="uswest2-AZ02"/>
					<Item Name="MWH03" Value="uswest2-AZ01"/>
					<Item Name="MWH02" Value="uswest2-AZ03"/>
					<Item Name="MNZ20" Value="useast-AZ03"/>
					<Item Name="SYD26" Value="australiaeast-AZ01"/>
					<Item Name="DUB20" Value="europenorth-AZ02"/>
					<Item Name="CPQ01" Value="brazilsouth-AZ01"/>
					<Item Name="FRA23" Value="germanywc-AZ03"/>
					<Item Name="SN3" Value="ussouth-AZ01"/>
					<Item Name="SYD25" Value="australiaeast-AZ02"/>
					<Item Name="SYD24" Value="australiaeast-AZ02"/>
					<Item Name="SEL21" Value="koreacentral-AZ02"/>
					<Item Name="SEL20" Value="koreacentral-AZ01"/>
					<Item Name="MZZ20" Value="indiasouth-NONE"/>
					<Item Name="BOM01" Value="indiawest-NONE"/>
					<Item Name="SYD23" Value="australiaeast-AZ03"/>
					<Item Name="SYD22" Value="australiaeast-AZ02"/>
					<Item Name="HKG21" Value="asiaeast-NONE"/>
					<Item Name="PAR21" Value="francec-AZ02"/>
					<Item Name="CYS02" Value="uswestcentral-NONE"/>
					<Item Name="PAR23" Value="francec-AZ03"/>
					<Item Name="PHX11" Value="uswest3-AZ01"/>
					<Item Name="CYS01" Value="uswestcentral-NONE"/>
					<Item Name="SN2" Value="ussouth-AZ01"/>
					<Item Name="KAW" Value="japaneast-AZ01"/>
					<Item Name="CYS04" Value="uswestcentral-NONE"/>
					<Item Name="SN7" Value="ussouth-AZ03"/>
					<Item Name="BY24" Value="uswest-NONE"/>
					<Item Name="ZRH20" Value="switzerlandn-AZ01"/>
					<Item Name="CBN07" Value="useast2euap-AZ01"/>
					<Item Name="CBN06" Value="useast2euap-AZ02"/>
					<Item Name="CBN04" Value="useast2euap-AZ01"/>
					<Item Name="PNQ01" Value="indiacentral-AZ01"/>
					<Item Name="CDM03" Value="uscentraleuap-NONE"/>
					<Item Name="BN14" Value="useast2-AZ01"/>
					<Item Name="BG4" Value="usgoveast-AZ01"/>
					<Item Name="DSM09" Value="uscentral-AZ01"/>
					<Item Name="CBN09" Value="useast2euap-AZ02"/>
					<Item Name="AMS09" Value="europewest-AZ03"/>
					<Item Name="DM3-FXD" Value="usdodcentral-NONE"/>
					<Item Name="CYS03" Value="uswestcentral-NONE"/>
					<Item Name="RIO01" Value="brazilse-NONE"/>
					<Item Name="MWH05" Value="uswest2-AZ03"/>
					<Item Name="OSA01" Value="japanwest-NONE"/>
					<Item Name="CPQ22" Value="brazilsouth-AZ02"/>
					<Item Name="BN3" Value="useast2-AZ01"/>
					<Item Name="DXB20" Value="uaen-AZ01"/>
				</ImpliedTag>
				<ImpliedTag Name="PhysicalNetwork">
					<Item Name="DB4" Value="North Europe"/>
					<Item Name="DB5" Value="North Europe"/>
					<Item Name="DB2" Value="North Europe"/>
					<Item Name="DB3" Value="North Europe"/>
					<Item Name="JNB22" Value="South Africa North"/>
					<Item Name="JNB20" Value="South Africa North"/>
					<Item Name="PUS04" Value="Korea South"/>
					<Item Name="RIO30" Value="Brazil Southeast"/>
					<Item Name="BL2" Value="East US"/>
					<Item Name="BL3" Value="East US"/>
					<Item Name="BL4" Value="East US"/>
					<Item Name="BL5" Value="East US"/>
					<Item Name="BL6" Value="East US"/>
					<Item Name="BL7" Value="East US"/>
					<Item Name="AMZ07" Value="West Europe"/>
					<Item Name="PNQ21" Value="Central India"/>
					<Item Name="PNQ20" Value="Central India"/>
					<Item Name="CDZ08" Value="Central US"/>
					<Item Name="ZRH21" Value="Switzerland North"/>
					<Item Name="TYO21" Value="Japan East"/>
					<Item Name="TYO20" Value="Japan East"/>
					<Item Name="TYO23" Value="Japan East"/>
					<Item Name="TYO22" Value="Japan East"/>
					<Item Name="OSL21" Value="Norway East"/>
					<Item Name="OSL20" Value="Norway East"/>
					<Item Name="BN3" Value="East US 2"/>
					<Item Name="SYD03" Value="Australia East"/>
					<Item Name="FOR01" Value="Brazil Northeast"/>
					<Item Name="CBN04" Value="East US 2"/>
					<Item Name="CYS04" Value="West Central US"/>
					<Item Name="SN2-FX" Value="USGov Texas"/>
					<Item Name="CDM05" Value="Central US"/>
					<Item Name="DM2-FX" Value="USGov Iowa"/>
					<Item Name="MEL01" Value="Australia Southeast"/>
					<Item Name="CBY07" Value="East US 2"/>
					<Item Name="MME20" Value="UK North"/>
					<Item Name="YTO20" Value="Canada Central"/>
					<Item Name="YTO21" Value="Canada Central"/>
					<Item Name="YTO22" Value="Canada Central"/>
					<Item Name="PAR30" Value="France Central"/>
					<Item Name="CDM08" Value="Central US"/>
					<Item Name="CDM09" Value="Central US"/>
					<Item Name="HKG31" Value="East Asia"/>
					<Item Name="BLZ22" Value="East US"/>
					<Item Name="BLZ23" Value="East US"/>
					<Item Name="DG4" Value="USGov Iowa"/>
					<Item Name="AM3" Value="West Europe"/>
					<Item Name="BLZ24" Value="East US"/>
					<Item Name="AM1" Value="West Europe"/>
					<Item Name="CO2" Value="West US 2"/>
					<Item Name="SN5-FXD" Value="USGov Texas"/>
					<Item Name="BY1" Value="West US"/>
					<Item Name="BY2" Value="West US"/>
					<Item Name="GVX11" Value="Sweden Central"/>
					<Item Name="BY4" Value="West US"/>
					<Item Name="BY5" Value="West US"/>
					<Item Name="CBN09" Value="East US 2"/>
					<Item Name="PAR22" Value="France Central"/>
					<Item Name="DD2" Value="USDoD Central"/>
					<Item Name="MAA02" Value="South India"/>
					<Item Name="MEL21" Value="Australia Southeast"/>
					<Item Name="PAR23" Value="France Central"/>
					<Item Name="SJC22" Value="West US"/>
					<Item Name="SJC20" Value="West US"/>
					<Item Name="AMS20" Value="West Europe"/>
					<Item Name="AMS21" Value="West Europe"/>
					<Item Name="AMS22" Value="West Europe"/>
					<Item Name="DM4" Value="USDoD Central"/>
					<Item Name="AMS24" Value="West Europe"/>
					<Item Name="DM2" Value="Central US"/>
					<Item Name="DM3" Value="Central US"/>
					<Item Name="SIN22" Value="Southeast Asia"/>
					<Item Name="DM1" Value="Central US"/>
					<Item Name="SIN20" Value="Southeast Asia"/>
					<Item Name="PHX20-FXD" Value="USGov Arizona"/>
					<Item Name="B18" Value="West US 2"/>
					<Item Name="TYO01" Value="Japan East"/>
					<Item Name="LON22" Value="UK South"/>
					<Item Name="HEL01" Value="North Europe 2"/>
					<Item Name="TYO31" Value="Japan East"/>
					<Item Name="SN2" Value="South Central US"/>
					<Item Name="CBZ07" Value="East US 2"/>
					<Item Name="BL20" Value="East US"/>
					<Item Name="BY22" Value="West US"/>
					<Item Name="CPQ02" Value="Brazil South"/>
					<Item Name="DSM07" Value="Central US"/>
					<Item Name="DSM06" Value="Central US"/>
					<Item Name="DSM05" Value="Central US"/>
					<Item Name="DSM09" Value="Central US"/>
					<Item Name="DSM08" Value="Central US"/>
					<Item Name="BG8" Value="USGov Virginia"/>
					<Item Name="BOM30" Value="West India"/>
					<Item Name="PHX20-FX" Value="USGov Arizona"/>
					<Item Name="OSA02" Value="Japan West"/>
					<Item Name="AMZ06" Value="West Europe"/>
					<Item Name="DXB20" Value="UAE North"/>
					<Item Name="CYG01" Value="USGov Wyoming"/>
					<Item Name="STG02" Value="East US STG"/>
					<Item Name="SAT" Value="West US 2"/>
					<Item Name="DUB09" Value="North Europe"/>
					<Item Name="STG01" Value="East US STG"/>
					<Item Name="DUB08" Value="North Europe"/>
					<Item Name="DUB06" Value="North Europe"/>
					<Item Name="PHX21" Value="USGov Arizona"/>
					<Item Name="AM2" Value="West Europe"/>
					<Item Name="BER30" Value="Germany North"/>
					<Item Name="CPQ24" Value="Brazil South"/>
					<Item Name="OSA03" Value="Japan West"/>
					<Item Name="CPT20" Value="South Africa West"/>
					<Item Name="MRS20" Value="France South"/>
					<Item Name="AMS08" Value="West Europe"/>
					<Item Name="HK3" Value="East Asia"/>
					<Item Name="HK1" Value="East Asia"/>
					<Item Name="LEJ20" Value="Germany NorthEast"/>
					<Item Name="CYS05" Value="West Central US"/>
					<Item Name="GVX01" Value="Sweden Central"/>
					<Item Name="BN12" Value="USGov Virginia"/>
					<Item Name="CPQ01" Value="Brazil South"/>
					<Item Name="CYD01" Value="USGov Wyoming"/>
					<Item Name="PHX10" Value="West US 3"/>
					<Item Name="AMS04" Value="West Europe"/>
					<Item Name="AMS05" Value="West Europe"/>
					<Item Name="AMS06" Value="West Europe"/>
					<Item Name="MAA01" Value="South India"/>
					<Item Name="PHX80" Value="West US 3"/>
					<Item Name="VIE" Value="East Europe"/>
					<Item Name="BD8" Value="USDoD East"/>
					<Item Name="DZ6" Value="Central US"/>
					<Item Name="RIO20" Value="Brazil Southeast"/>
					<Item Name="SG1" Value="Southeast Asia"/>
					<Item Name="LON20" Value="UK South 2"/>
					<Item Name="LON21" Value="UK South"/>
					<Item Name="HKG20" Value="East Asia"/>
					<Item Name="LON23" Value="UK South"/>
					<Item Name="LON24" Value="UK South"/>
					<Item Name="LON25" Value="UK South"/>
					<Item Name="BD4" Value="USDoD East"/>
					<Item Name="CHI20" Value="North Central US"/>
					<Item Name="PUS20" Value="Korea South"/>
					<Item Name="CO1" Value="West US 2"/>
					<Item Name="CBZ06" Value="East US 2"/>
					<Item Name="CO3" Value="West US 2"/>
					<Item Name="GVA20" Value="Switzerland West"/>
					<Item Name="CO5" Value="West US 2"/>
					<Item Name="CO4" Value="West US 2"/>
					<Item Name="AMS09" Value="West Europe"/>
					<Item Name="MNZ20" Value="East US"/>
					<Item Name="SEL21" Value="Korea Central"/>
					<Item Name="BY20" Value="West US"/>
					<Item Name="RR1" Value="Redmond Ridge Lab"/>
					<Item Name="PHD21" Value="USGov Arizona"/>
					<Item Name="DSZ08" Value="Central US"/>
					<Item Name="CH3" Value="North Central US"/>
					<Item Name="CH2" Value="North Central US"/>
					<Item Name="CH4" Value="North Central US"/>
					<Item Name="BNZ13" Value="East US 2"/>
					<Item Name="BLU" Value="East US"/>
					<Item Name="OSA20" Value="Japan West"/>
					<Item Name="OSA21" Value="Japan West"/>
					<Item Name="OSA22" Value="Japan West"/>
					<Item Name="BLZ21" Value="East US"/>
					<Item Name="FRA22" Value="Germany West Central"/>
					<Item Name="MWZ02" Value="West US 2"/>
					<Item Name="PHX70" Value="West US 3"/>
					<Item Name="AMS07" Value="West Europe"/>
					<Item Name="PNQ22" Value="Central India"/>
					<Item Name="CH1" Value="North Central US"/>
					<Item Name="MZZ20" Value="South India"/>
					<Item Name="BN1-FX" Value="USGov Virginia"/>
					<Item Name="MEL23" Value="Australia Southeast"/>
					<Item Name="SAT11" Value="South Central US"/>
					<Item Name="SAT10" Value="South Central US"/>
					<Item Name="MEL20" Value="Australia Southeast"/>
					<Item Name="SAT12" Value="South Central US"/>
					<Item Name="BY24" Value="West US"/>
					<Item Name="BN3-FXD" Value="USDoD East"/>
					<Item Name="STG30" Value="East US STG"/>
					<Item Name="KUL01" Value="APAC Southeast 2"/>
					<Item Name="CBR23" Value="Australia Central 2"/>
					<Item Name="OSL22" Value="Norway East"/>
					<Item Name="CBR21" Value="Australia Central 2"/>
					<Item Name="CBR20" Value="Australia Central"/>
					<Item Name="AUH20" Value="UAE Central"/>
					<Item Name="DUB10" Value="North Europe"/>
					<Item Name="DUB11" Value="North Europe"/>
					<Item Name="YTO23" Value="Canada Central"/>
					<Item Name="MMA01" Value="Sweden South"/>
					<Item Name="KAW" Value="Japan East"/>
					<Item Name="CDM06" Value="Central US"/>
					<Item Name="BNZ10" Value="East US 2"/>
					<Item Name="BJ1" Value="China North 10"/>
					<Item Name="SVG20" Value="Norway West"/>
					<Item Name="BN10" Value="East US 2"/>
					<Item Name="NAG20" Value="Jio India Central"/>
					<Item Name="AMS12" Value="West Europe"/>
					<Item Name="BN11" Value="USGov Virginia"/>
					<Item Name="B43" Value="West US 2"/>
					<Item Name="DZ5" Value="Central US"/>
					<Item Name="HKG21" Value="East Asia"/>
					<Item Name="MRS21" Value="France South"/>
					<Item Name="BY3" Value="West US"/>
					<Item Name="DUB07" Value="North Europe"/>
					<Item Name="CWL20" Value="UK West"/>
					<Item Name="SN5-FX" Value="USGov Texas"/>
					<Item Name="CBN14" Value="East US 2"/>
					<Item Name="CBN13" Value="East US 2"/>
					<Item Name="BNZ12" Value="USGov Virginia"/>
					<Item Name="YQB20" Value="Canada East"/>
					<Item Name="SJC21" Value="West US"/>
					<Item Name="BNZ11" Value="USGov Virginia"/>
					<Item Name="YTO01" Value="Canada Central"/>
					<Item Name="SYD" Value="Australia East"/>
					<Item Name="BNZ14" Value="East US 2"/>
					<Item Name="BZ7" Value="East US 2"/>
					<Item Name="BZ6" Value="East US 2"/>
					<Item Name="SAT13" Value="South Central US"/>
					<Item Name="GRU" Value="Brazil Southeast"/>
					<Item Name="PAR21" Value="France Central"/>
					<Item Name="SIN23" Value="Southeast Asia"/>
					<Item Name="DSM10" Value="Central US"/>
					<Item Name="JNB21" Value="South Africa North"/>
					<Item Name="BY21" Value="West US"/>
					<Item Name="SAT09" Value="South Central US"/>
					<Item Name="KW1" Value="Japan East"/>
					<Item Name="CBN10" Value="East US 2"/>
					<Item Name="SIN06" Value="Southeast Asia"/>
					<Item Name="FRA21" Value="Germany West Central"/>
					<Item Name="FRA20" Value="Germany Central"/>
					<Item Name="CPQ20" Value="Brazil South"/>
					<Item Name="CPQ21" Value="Brazil South"/>
					<Item Name="STG03" Value="South Central US"/>
					<Item Name="CPQ23" Value="Brazil South"/>
					<Item Name="SG3" Value="Southeast Asia"/>
					<Item Name="OSA30" Value="Japan West"/>
					<Item Name="OSA31" Value="Japan West"/>
					<Item Name="OSA32" Value="Japan West"/>
					<Item Name="DUB20" Value="North Europe"/>
					<Item Name="PHX11" Value="West US 3"/>
					<Item Name="MAA30" Value="South India"/>
					<Item Name="BN8" Value="East US 2"/>
					<Item Name="BN9" Value="East US 2"/>
					<Item Name="BER20" Value="Germany North"/>
					<Item Name="SIN31" Value="Southeast Asia"/>
					<Item Name="SIN30" Value="Southeast Asia"/>
					<Item Name="DUB24" Value="North Europe"/>
					<Item Name="SAT20" Value="South Central US"/>
					<Item Name="SG2" Value="Southeast Asia"/>
					<Item Name="BN1" Value="East US 2"/>
					<Item Name="BN2" Value="East US 2"/>
					<Item Name="CHI21" Value="North Central US"/>
					<Item Name="BN4" Value="East US 2"/>
					<Item Name="BN6" Value="East US 2"/>
					<Item Name="ZRH22" Value="Switzerland North"/>
					<Item Name="SCL01" Value="Chile Central"/>
					<Item Name="MWH04" Value="West US 2"/>
					<Item Name="MWH03" Value="West US 2"/>
					<Item Name="MWH02" Value="West US 2"/>
					<Item Name="MWH01" Value="West US 2"/>
					<Item Name="SYD26" Value="Australia East"/>
					<Item Name="AMS11" Value="West Europe"/>
					<Item Name="DUB21" Value="North Europe"/>
					<Item Name="FRA23" Value="Germany West Central"/>
					<Item Name="SN3" Value="South Central US"/>
					<Item Name="SYD25" Value="Australia East"/>
					<Item Name="SYD24" Value="Australia East"/>
					<Item Name="SYD27" Value="Australia East"/>
					<Item Name="SEL20" Value="Korea Central"/>
					<Item Name="SYD21" Value="Australia East"/>
					<Item Name="BOM01" Value="West India"/>
					<Item Name="SYD23" Value="Australia East"/>
					<Item Name="SYD22" Value="Australia East"/>
					<Item Name="PAR20" Value="France Central"/>
					<Item Name="GVX21" Value="Sweden Central"/>
					<Item Name="CYS02" Value="West Central US"/>
					<Item Name="SN1" Value="South Central US"/>
					<Item Name="PAR24" Value="France Central"/>
					<Item Name="CYS01" Value="West Central US"/>
					<Item Name="CYS06" Value="West Central US"/>
					<Item Name="SN5" Value="South Central US"/>
					<Item Name="SN4" Value="South Central US"/>
					<Item Name="SN7" Value="South Central US"/>
					<Item Name="SN6" Value="South Central US"/>
					<Item Name="ZRH20" Value="Switzerland North"/>
					<Item Name="CBN07" Value="East US 2"/>
					<Item Name="CBN06" Value="East US 2"/>
					<Item Name="AMS23" Value="West Europe"/>
					<Item Name="VIE01" Value="East Europe"/>
					<Item Name="PNQ01" Value="Central India"/>
					<Item Name="CDM03" Value="Central US"/>
					<Item Name="BN14" Value="East US 2"/>
					<Item Name="BN7" Value="East US 2"/>
					<Item Name="BG4" Value="USGov Virginia"/>
					<Item Name="BN13" Value="East US 2"/>
					<Item Name="CHI22" Value="North Central US"/>
					<Item Name="HK2" Value="East Asia"/>
					<Item Name="CBR22" Value="Australia Central"/>
					<Item Name="DM3-FXD" Value="USDoD Central"/>
					<Item Name="SIN21" Value="Southeast Asia"/>
					<Item Name="DBB" Value="North Europe"/>
					<Item Name="CYS03" Value="West Central US"/>
					<Item Name="RIO01" Value="Brazil Southeast"/>
					<Item Name="MWH05" Value="West US 2"/>
					<Item Name="OSA01" Value="Japan West"/>
					<Item Name="CPQ22" Value="Brazil South"/>
					<Item Name="DUB12" Value="North Europe"/>
					<Item Name="CYS01-FX" Value="USGov Wyoming"/>
				</ImpliedTag>
			</ImpliedTags>
		</Tag>
	</Space>
	<Space Name="GalaCake">
		<Tag Name="Datacenter">
			<KnownValues>
				<Value>BJB</Value>
				<Value>GLOBAL</Value>
				<Value>SHA</Value>
				<Value>SHA02</Value>
				<Value>SHA03</Value>
				<Value>BJS20</Value>
				<Value>SHA20</Value>
			</KnownValues>
			<ImpliedTags>
				<ImpliedTag Name="Region">
					<Item Name="SHA20" Value="China East 2"/>
					<Item Name="SHA" Value="China East"/>
					<Item Name="BJS20" Value="China North 2"/>
					<Item Name="BJB" Value="China North"/>
					<Item Name="SHA02" Value="China East"/>
					<Item Name="SHA03" Value="China East"/>
				</ImpliedTag>
				<ImpliedTag Name="Cloud">
					<Item Name="SHA20" Value="Mooncake"/>
					<Item Name="SHA" Value="Mooncake"/>
					<Item Name="BJS20" Value="Mooncake"/>
					<Item Name="BJB" Value="Mooncake"/>
					<Item Name="SHA02" Value="Mooncake"/>
					<Item Name="SHA03" Value="Mooncake"/>
				</ImpliedTag>
				<ImpliedTag Name="PhysicalNetwork">
					<Item Name="SHA20" Value="China East 2"/>
					<Item Name="SHA" Value="China East"/>
					<Item Name="BJS20" Value="China North 2"/>
					<Item Name="BJB" Value="China North"/>
					<Item Name="SHA02" Value="China East"/>
					<Item Name="SHA03" Value="China East"/>
				</ImpliedTag>
				<ImpliedTag Name="AvailabilityZone">
					<Item Name="SHA20" Value="chinae2-NONE"/>
					<Item Name="SHA03" Value="chinaeast-NONE"/>
					<Item Name="SHA" Value="chinaeast-NONE"/>
					<Item Name="BJB" Value="chinanorth-NONE"/>
					<Item Name="SHA02" Value="chinaeast-NONE"/>
					<Item Name="BJS20" Value="chinan2-NONE"/>
				</ImpliedTag>
			</ImpliedTags>
		</Tag>
	</Space>
	<Space Name="EX">
		<Tag Name="Datacenter">
			<KnownValues>
				<Value>RED01</Value>
				<Value>GRN01</Value>
				<Value>GLOBAL</Value>
			</KnownValues>
			<ImpliedTags>
				<ImpliedTag Name="Cloud">
					<Item Name="GRN01" Value="USNat"/>
					<Item Name="RED01" Value="USNat"/>
				</ImpliedTag>
				<ImpliedTag Name="PhysicalNetwork">
					<Item Name="GRN01" Value="USNat West"/>
					<Item Name="RED01" Value="USNat East"/>
				</ImpliedTag>
				<ImpliedTag Name="Region">
					<Item Name="GRN01" Value="USNat West"/>
					<Item Name="RED01" Value="USNat East"/>
				</ImpliedTag>
				<ImpliedTag Name="AvailabilityZone">
					<Item Name="GRN01" Value="usnatw-AZ01"/>
					<Item Name="RED01" Value="usnate-AZ01"/>
				</ImpliedTag>
			</ImpliedTags>
		</Tag>
	</Space>
	<Space Name="RX">
		<Tag Name="Datacenter">
			<KnownValues>
				<Value>MNZ21</Value>
				<Value>SN8</Value>
				<Value>GLOBAL</Value>
			</KnownValues>
			<ImpliedTags>
				<ImpliedTag Name="Cloud">
					<Item Name="MNZ21" Value="USSec"/>
					<Item Name="SN8" Value="USSec"/>
				</ImpliedTag>
				<ImpliedTag Name="PhysicalNetwork">
					<Item Name="MNZ21" Value="USSec East"/>
					<Item Name="SN8" Value="USSec West"/>
				</ImpliedTag>
				<ImpliedTag Name="Region">
					<Item Name="MNZ21" Value="USSec East"/>
					<Item Name="SN8" Value="USSec West"/>
				</ImpliedTag>
				<ImpliedTag Name="AvailabilityZone">
					<Item Name="SN8" Value="ussecw-NONE"/>
					<Item Name="MNZ21" Value="ussece-NONE"/>
				</ImpliedTag>
			</ImpliedTags>
		</Tag>
	</Space>
</Map>