Address Space,IP Query,Prefix,Forest,EOP DC,IPAM DC,Region,New Region,Prefix ID
Default,2a01:111:f400:fec6::,2a01:111:f400:fec6::/64,SAP01,PU1,PUS01,,Korea South 2,13f36b0d-544d-4951-8ca9-815a760635ac
Default,2a01:111:e400:fc84::,2a01:111:e400:fc84::/64,SAP01,PS1,PUS01,,Korea South 2,2c5869e7-35b7-4353-b087-ffe0bf2099aa
Default,2a01:111:e401:84::,2a01:111:e401:84::/64,SAP01,PU1,PUS01,,Korea South 2,80766a44-e2b8-4880-ac1a-c5ea7be7ddbc
Default,2a01:111:e400:7fbe::,2a01:111:e400:7fbe::/64,APC01,PU1,PUS01,,Korea South 2,b5e3a9d5-cc69-4c8b-81c5-794906e15eee
Default,2a01:111:f400:7ebd::,2a01:111:f400:7ebd::/64,APC01,PU1,PUS01,,Korea South 2,367f4ad2-3ccc-4bfc-b586-032e12df7ae7
